employee_id,first_name,last_name,email,department,sub_department,job_title,job_level,employment_type,hire_date,start_date,manager_id,location_city,location_country,salary_amount,salary_currency,salary_type,gender,nationality,status,termination_date,termination_reason,ats_candidate_id
EMP-0001,Greta,Butkus,greta.butkus@enovatech.com,Engineering,Frontend,Engineering Manager,manager,full_time,2025-06-06,2025-06-20,EMP-0236,Kaunas,Lithuania,69000,EUR,annual,m,Ukraine,active,,,CAND-0001
EMP-0002,Maciej,Wojcik,maciej.wojcik@enovatech.com,Engineering,Security,Engineering Manager,manager,full_time,2025-06-01,2025-06-22,EMP-0001,Kaunas,Lithuania,80000,EUR,annual,f,Germany,active,,,CAND-0002
EMP-0003,Bence,Petrov,bence.petrov@enovatech.com,Engineering,Mobile,Engineering Manager,manager,full_time,2025-06-19,2025-07-09,EMP-0002,Kaunas,Lithuania,72500,EUR,annual,f,Poland,active,,,CAND-0003
EMP-0004,Rytis,Ambrazas,rytis.ambrazas@enovatech.com,Engineering,QA,Engineering Manager,manager,full_time,2025-06-02,2025-06-27,EMP-0003,Kaunas,Lithuania,73000,EUR,annual,f,Lithuania,active,,,CAND-0004
EMP-0005,Adam,Kaminski,adam.kaminski@enovatech.com,Engineering,Security,Engineering Manager,manager,full_time,2025-06-09,2025-07-15,EMP-0002,Kaunas,Lithuania,71500,EUR,annual,f,Lithuania,active,,,CAND-0005
EMP-0006,Egle,Butkus,egle.butkus@enovatech.com,Engineering,QA,Platform Engineer,ic2,full_time,2025-07-02,2025-08-22,EMP-0003,Kaunas,Lithuania,41000,EUR,annual,f,Lithuania,active,,,CAND-0006
EMP-0007,Marcin,Wozniak,marcin.wozniak@enovatech.com,Engineering,QA,DevOps Engineer,ic2,full_time,2025-07-03,2025-08-07,EMP-0004,Kaunas,Lithuania,35000,EUR,annual,f,Poland,active,,,CAND-0007
EMP-0008,Chloe,Taylor,chloe.taylor@enovatech.com,Engineering,Frontend,QA Engineer,ic2,full_time,2025-07-05,2025-08-22,EMP-0004,Kaunas,Lithuania,36000,EUR,annual,f,Lithuania,active,,,CAND-0008
EMP-0009,Stefan,Fischer,stefan.fischer@enovatech.com,Engineering,Backend,DevOps Engineer,ic2,full_time,2025-07-02,2025-08-28,EMP-0005,Kaunas,Lithuania,37500,EUR,annual,f,Lithuania,active,,,CAND-0009
EMP-0010,Magdalena,Wozniak,magdalena.wozniak@enovatech.com,Engineering,Backend,Platform Engineer,ic2,full_time,2025-07-01,2025-07-21,EMP-0003,London,United Kingdom,63500,GBP,annual,prefer_not_to_say,Poland,active,,,CAND-0010
EMP-0011,Magdalena,Kowalczyk,magdalena.kowalczyk@enovatech.com,Engineering,QA,Platform Engineer,ic2,full_time,2025-07-03,2025-08-24,EMP-0005,London,United Kingdom,56000,GBP,annual,m,Poland,active,,,CAND-0011
EMP-0012,Matas,Gudas,matas.gudas@enovatech.com,Engineering,QA,QA Engineer,ic2,full_time,2025-07-02,2025-08-31,EMP-0005,London,United Kingdom,52500,GBP,annual,f,Poland,active,,,CAND-0012
EMP-0013,Petra,Smirnov,petra.smirnov@enovatech.com,Engineering,Mobile,Engineering Manager,manager,full_time,2024-06-05,2024-07-11,EMP-0002,Vilnius,Lithuania,80000,EUR,annual,m,Poland,active,,,CAND-0013
EMP-0014,Damian,Kozlowski,damian.kozlowski@enovatech.com,Engineering,Backend,Engineering Manager,manager,full_time,2024-05-29,2024-06-15,EMP-0013,Vilnius,Lithuania,89000,EUR,annual,f,Germany,active,,,CAND-0014
EMP-0015,Vladislav,Petrov,vladislav.petrov@enovatech.com,Engineering,QA,Engineering Manager,manager,full_time,2024-05-12,2024-06-25,EMP-0002,Vilnius,Lithuania,88000,EUR,annual,f,Poland,active,,,CAND-0015
EMP-0016,Vaida,Levinskas,vaida.levinskas@enovatech.com,Engineering,Backend,Engineering Manager,manager,full_time,2024-05-09,2024-06-18,EMP-0013,Vilnius,Lithuania,69500,EUR,annual,m,Poland,terminated,2024-12-24,end_of_contract,CAND-0016
EMP-0017,Jonas,Radzevicius,jonas.radzevicius@enovatech.com,Engineering,Frontend,Engineering Manager,manager,full_time,2024-05-04,2024-05-22,EMP-0013,Vilnius,Lithuania,89500,EUR,annual,f,Poland,active,,,CAND-0017
EMP-0018,Aleksander,Kovacs,aleksander.kovacs@enovatech.com,Engineering,Backend,Senior Backend Engineer,ic3,full_time,2025-07-01,2025-08-22,EMP-0005,Kaunas,Lithuania,69000,EUR,annual,m,Poland,active,,,CAND-0018
EMP-0019,Anastasia,Fedorov,anastasia.fedorov@enovatech.com,Engineering,DevOps,Senior Frontend Engineer,ic3,full_time,2025-07-02,2025-08-30,EMP-0003,Kaunas,Lithuania,5700,EUR,annual,f,Lithuania,active,,,CAND-0019
EMP-0020,Gabija,Stonkus,gabija.stonkus@enovatech.com,Engineering,QA,Staff Engineer,ic3,full_time,2025-07-04,2025-08-10,EMP-0013,Kaunas,Lithuania,57000,EUR,annual,m,Poland,active,,,CAND-0020
EMP-0021,Piotr,Kowalczyk,piotr.kowalczyk@enovatech.com,Engineering,Frontend,Senior Mobile Engineer,ic3,full_time,2025-07-03,2025-09-01,EMP-0013,Kaunas,Lithuania,55500,EUR,annual,f,Germany,active,,,CAND-0021
EMP-0022,Tomasz,Lewandowski,tomasz.lewandowski@enovatech.com,Engineering,Mobile,Security Engineer,ic3,full_time,2025-07-02,2025-07-27,EMP-0014,Kaunas,Lithuania,52000,EUR,annual,f,United Kingdom,active,,,CAND-0022
EMP-0023,Joanna,Szymanski,joanna.szymanski@enovatech.com,Engineering,Security,Senior Frontend Engineer,ic3,full_time,2025-07-01,2025-07-25,EMP-0017,Kaunas,Lithuania,78000,EUR,annual,m,Germany,active,,,CAND-0023
EMP-0024,Natalia,Kozlowski,natalia.kozlowski@enovatech.com,Engineering,QA,Platform Engineer,ic2,full_time,2024-03-14,2024-05-09,EMP-0015,Remote,Lithuania,37000,EUR,annual,f,United Kingdom,active,,,CAND-0024
EMP-0025,Greta,Gudas,greta.gudas@enovatech.com,Engineering,Mobile,Mobile Engineer,ic2,full_time,2024-02-17,2024-04-09,EMP-0002,Remote,Lithuania,40500,EUR,annual,m,Poland,active,,,CAND-0025
EMP-0026,Karolina,Kowalczyk,karolina.kowalczyk@enovatech.com,Engineering,QA,Backend Engineer,ic2,full_time,2024-03-05,2024-03-28,EMP-0003,Remote,Lithuania,51500,EUR,annual,m,Poland,terminated,2025-04-17,,CAND-0026
EMP-0027,Mateusz,Kowalczyk,mateusz.kowalczyk@enovatech.com,Engineering,DevOps,Mobile Engineer,ic2,full_time,2024-02-24,2024-03-20,EMP-0014,Remote,Lithuania,36000,EUR,annual,m,Lithuania,active,,,CAND-0027
EMP-0028,Vilius,Levinskas,vilius.levinskas@enovatech.com,Engineering,DevOps,Frontend Engineer,ic2,full_time,2024-02-13,2024-03-26,EMP-0003,Remote,Lithuania,38500,EUR,annual,m,Germany,active,,,CAND-0028
EMP-0029,Nikita,Kovacs,nikita.kovacs@enovatech.com,Engineering,Frontend,Platform Engineer,ic2,full_time,2024-03-14,2024-04-10,EMP-0005,Remote,Lithuania,51500,EUR,annual,m,Poland,active,,,CAND-0029
EMP-0030,Mindaugas,Daunoras,mindaugas.daunoras@enovatech.com,Engineering,DevOps,Engineering Manager,manager,full_time,2025-07-01,2025-07-20,EMP-0003,Vilnius,Lithuania,79500,EUR,annual,f,Poland,active,,,CAND-0030
EMP-0031,Jack,Walker,jack.walker@enovatech.com,Engineering,DevOps,Engineering Manager,manager,full_time,2025-07-02,2025-07-30,EMP-0016,Vilnius,Lithuania,86500,EUR,annual,f,Latvia,active,,,CAND-0031
EMP-0032,Bohdan,Kovalenko,bohdan.kovalenko@enovatech.com,Engineering,Mobile,Engineering Manager,manager,full_time,2025-07-03,2025-08-22,EMP-0015,Vilnius,Lithuania,76500,EUR,annual,f,Estonia,active,,,CAND-0032
EMP-0033,Mirela,Fedorov,mirela.fedorov@enovatech.com,Engineering,Backend,Engineering Manager,manager,full_time,2025-07-04,2025-08-22,EMP-0031,Vilnius,Lithuania,72500,EUR,annual,m,Lithuania,active,,,CAND-0033
EMP-0034,Natalia,Oliynyk,natalia.oliynyk@enovatech.com,Engineering,Frontend,DevOps Engineer,ic2,full_time,2025-07-03,2025-08-30,EMP-0003,Vilnius,Lithuania,36500,EUR,annual,m,Poland,active,,,CAND-0034
EMP-0035,Adam,Nowak,adam.nowak@enovatech.com,Engineering,Backend,QA Engineer,ic2,full_time,2025-07-03,2025-08-08,EMP-0014,Vilnius,Lithuania,45500,EUR,annual,m,Latvia,active,,,CAND-0035
EMP-0036,Iryna,Tkachenko,iryna.tkachenko@enovatech.com,Engineering,Backend,Frontend Engineer,ic2,full_time,2025-07-05,2025-08-10,EMP-0002,Vilnius,Lithuania,43500,EUR,annual,f,Poland,active,,,CAND-0036
EMP-0037,Rafal,Nowak,rafal.nowak@enovatech.com,Engineering,Frontend,Senior Backend Engineer,ic3,full_time,2025-06-16,2025-08-09,EMP-0014,Remote,Lithuania,61000,EUR,annual,m,Germany,active,,,CAND-0037
EMP-0038,Mykhailo,Oliynyk,mykhailo.oliynyk@enovatech.com,Engineering,Security,Senior Frontend Engineer,ic3,full_time,2025-06-11,2025-08-08,EMP-0013,Remote,Lithuania,57500,EUR,annual,m,Poland,active,,,CAND-0038
EMP-0039,Emma,Clark,emma.clark@enovatech.com,Engineering,Security,Senior DevOps Engineer,ic3,full_time,2025-06-14,2025-07-03,EMP-0032,Remote,Lithuania,61500,EUR,annual,f,Lithuania,active,,,CAND-0039
EMP-0040,Svitlana,Kravchenko,svitlana.kravchenko@enovatech.com,Engineering,Backend,Senior Backend Engineer,ic3,full_time,2025-06-10,2025-07-27,EMP-0030,Remote,Lithuania,75000,EUR,annual,m,Poland,active,,,CAND-0040
EMP-0041,Hannah,Richter,hannah.richter@enovatech.com,Engineering,Frontend,Frontend Engineer,ic2,full_time,2025-07-01,2025-07-31,EMP-0004,Kaunas,Lithuania,52000,EUR,annual,f,Germany,active,,,CAND-0041
EMP-0042,Inga,Stonkus,inga.stonkus@enovatech.com,Engineering,Backend,Platform Engineer,ic2,full_time,2025-07-04,2025-08-21,EMP-0017,Kaunas,Lithuania,3700,EUR,annual,m,Poland,active,,,CAND-0042
EMP-0043,Mariya,Shevchuk,mariya.shevchuk@enovatech.com,Engineering,QA,Platform Engineer,ic2,full_time,2025-06-25,2025-07-28,EMP-0005,Kaunas,Lithuania,41500,EUR,annual,m,Estonia,active,,,CAND-0043
EMP-0044,Jonas,Koch,jonas.koch@enovatech.com,Engineering,Security,Senior Frontend Engineer,ic3,full_time,2025-01-17,2025-03-06,EMP-0031,Vilnius,Lithuania,59500,EUR,annual,m,Lithuania,active,,,CAND-0044
EMP-0045,Krzysztof,Wozniak,krzysztof.wozniak@enovatech.com,Engineering,Backend,Senior DevOps Engineer,ic3,full_time,2025-01-19,2025-02-28,EMP-0004,Vilnius,Lithuania,58000,EUR,annual,f,Latvia,active,,,CAND-0045
EMP-0046,Tiberiu,Kovacs,tiberiu.kovacs@enovatech.com,Engineering,Backend,Senior Backend Engineer,ic3,full_time,2025-02-11,2025-04-02,EMP-0004,Vilnius,Lithuania,75500,EUR,annual,f,Lithuania,active,,,CAND-0046
EMP-0047,Ivan,Oliynyk,ivan.oliynyk@enovatech.com,Engineering,Security,Security Engineer,ic3,full_time,2025-01-23,2025-02-27,EMP-0031,Vilnius,Lithuania,54500,EUR,annual,f,Lithuania,active,,,CAND-0047
EMP-0048,Egle,Mockus,egle.mockus@enovatech.com,Engineering,Mobile,Senior Backend Engineer,ic3,full_time,2025-01-07,2025-03-07,EMP-0013,Vilnius,Lithuania,62000,EUR,annual,m,United Kingdom,active,,,CAND-0048
EMP-0049,Yaroslav,Bondarenko,yaroslav.bondarenko@enovatech.com,Engineering,Mobile,Head of Engineering,director,full_time,2025-07-02,2025-07-31,EMP-0004,Remote,Lithuania,120000,EUR,annual,m,Ukraine,active,,,CAND-0049
EMP-0050,Mirela,Smirnov,mirela.smirnov@enovatech.com,Engineering,DevOps,Director of Engineering,director,full_time,2025-07-04,2025-08-25,EMP-0005,Remote,Lithuania,123000,EUR,annual,m,Ukraine,active,,,CAND-0050
EMP-0051,Oksana,Tkachenko,oksana.tkachenko@enovatech.com,Engineering,Security,Head of Engineering,director,full_time,2025-07-02,2025-08-29,EMP-0003,Remote,Lithuania,114500,EUR,annual,f,Poland,active,,,CAND-0051
EMP-0052,Zsuzsanna,Ionescu,zsuzsanna.ionescu@enovatech.com,Engineering,DevOps,Director of Engineering,director,full_time,2025-07-01,2025-08-30,EMP-0032,Remote,Lithuania,141000,EUR,annual,f,Poland,active,,,CAND-0052
EMP-0053,Tomas,Noreika,tomas.noreika@enovatech.com,Engineering,Security,Mobile Engineer,ic2,full_time,2025-04-10,2025-05-21,EMP-0002,Vilnius,Lithuania,3800,EUR,annual,m,Poland,active,,,CAND-0053
EMP-0054,Rokas,Paulauskas,rokas.paulauskas@enovatech.com,Engineering,Frontend,Mobile Engineer,ic2,full_time,2025-04-25,2025-05-31,EMP-0005,Vilnius,Lithuania,46500,EUR,annual,m,Poland,active,,,CAND-0054
EMP-0055,Kinga,Fedorov,kinga.fedorov@enovatech.com,Engineering,DevOps,Mobile Engineer,ic2,full_time,2025-04-20,2025-06-19,EMP-0052,Vilnius,Lithuania,36000,EUR,annual,m,Poland,active,,,CAND-0055
EMP-0056,Rafal,Popescu,rafal.popescu@enovatech.com,Engineering,QA,Engineering Manager,manager,full_time,2024-09-11,2024-10-28,EMP-0051,Warsaw,Poland,91500,EUR,annual,m,Poland,active,,,CAND-0056
EMP-0057,Oksana,Ionescu,oksana.ionescu@enovatech.com,Engineering,DevOps,Engineering Manager,manager,full_time,2024-09-07,2024-09-24,EMP-0004,Warsaw,Poland,96000,EUR,annual,m,Lithuania,active,,,CAND-0057
EMP-0058,Daria,Ionescu,daria.ionescu@enovatech.com,Engineering,Backend,Engineering Manager,manager,full_time,2024-10-06,2024-10-30,EMP-0013,Warsaw,Poland,79500,EUR,annual,m,Lithuania,active,,,CAND-0058
EMP-0059,Nicole,Schmidt,nicole.schmidt@enovatech.com,Engineering,Frontend,Engineering Manager,manager,full_time,2024-09-17,2024-11-09,EMP-0051,Warsaw,Poland,81000,EUR,annual,f,Lithuania,terminated,2025-04-02,involuntary_performance,CAND-0059
EMP-0060,Katharina,Schulz,katharina.schulz@enovatech.com,Engineering,Frontend,Engineering Manager,manager,full_time,2024-09-06,2024-10-20,EMP-0005,Warsaw,Poland,91500,EUR,annual,m,Poland,active,,,CAND-0060
EMP-0061,Matas,Jankauskas,matas.jankauskas@enovatech.com,Engineering,Security,Engineering Manager,manager,full_time,2024-10-05,2024-11-12,EMP-0051,Warsaw,Poland,94000,EUR,annual,f,Estonia,active,,,CAND-0061
EMP-0062,Jolanta,Ambrazas,jolanta.ambrazas@enovatech.com,Engineering,Frontend,Backend Engineer,ic2,full_time,2025-07-03,2025-07-21,EMP-0005,Remote,Lithuania,34000,EUR,annual,m,Lithuania,active,,,CAND-0062
EMP-0063,Maciej,Nowak,maciej.nowak@enovatech.com,Engineering,DevOps,Mobile Engineer,ic2,full_time,2025-07-01,2025-07-16,EMP-0004,Remote,Lithuania,35500,EUR,annual,f,Lithuania,active,,,CAND-0063
EMP-0064,Michael,Hartmann,michael.hartmann@enovatech.com,Engineering,Backend,Backend Engineer,ic2,full_time,2025-07-04,2025-08-03,EMP-0059,Remote,Lithuania,51000,EUR,annual,m,Poland,active,,,CAND-0064
EMP-0065,Saulius,Paulauskas,saulius.paulauskas@enovatech.com,Engineering,Mobile,DevOps Engineer,ic2,full_time,2025-07-02,2025-08-01,EMP-0056,Remote,Lithuania,47000,EUR,annual,f,Latvia,active,,,CAND-0065
EMP-0066,Mindaugas,Stankus,mindaugas.stankus@enovatech.com,Engineering,Security,Backend Engineer,ic2,full_time,2025-07-03,2025-07-28,EMP-0061,Remote,Lithuania,46000,EUR,annual,f,Netherlands,active,,,CAND-0066
EMP-0067,Kamil,Lewandowski,kamil.lewandowski@enovatech.com,Engineering,DevOps,Backend Engineer,ic2,full_time,2025-07-02,2025-07-24,EMP-0004,Remote,Lithuania,39500,EUR,annual,f,Ukraine,active,,,CAND-0067
EMP-0068,Michael,Becker,michael.becker@enovatech.com,Product,Core Product,Associate Product Manager,ic1,full_time,2025-07-01,2025-08-28,EMP-0052,Warsaw,Poland,3000,EUR,annual,f,Poland,active,,,CAND-0068
EMP-0069,Mykola,Kovalchuk,mykola.kovalchuk@enovatech.com,Product,UX Research,Associate Product Manager,ic1,full_time,2025-07-04,2025-08-22,EMP-0001,Warsaw,Poland,33000,EUR,annual,f,Lithuania,active,,,CAND-0069
EMP-0070,Stefan,Schulz,stefan.schulz@enovatech.com,Product,Platform,Associate Product Manager,ic1,full_time,2025-07-02,2025-08-10,EMP-0059,Warsaw,Poland,31000,EUR,annual,f,Poland,active,,,CAND-0070
EMP-0071,Natalia,Kowalski,natalia.kowalski@enovatech.com,Product,Core Product,Head of Product,director,full_time,2025-02-05,2025-03-18,EMP-0031,Remote,Lithuania,140000,EUR,annual,m,Netherlands,active,,,CAND-0071
EMP-0072,Janos,Smirnov,janos.smirnov@enovatech.com,Product,UX Research,Head of Product,director,full_time,2025-01-21,2025-03-21,EMP-0051,Remote,Lithuania,108500,EUR,annual,m,Lithuania,active,,,CAND-0072
EMP-0073,Julian,Schmidt,julian.schmidt@enovatech.com,Product,Platform,UX Researcher,ic2,full_time,2025-07-03,2025-08-20,EMP-0001,Kaunas,Lithuania,51500,EUR,annual,f,Poland,active,,,CAND-0073
EMP-0074,Viktorija,Butkus,viktorija.butkus@enovatech.com,Product,Core Product,Product Designer,ic2,full_time,2025-07-01,2025-08-16,EMP-0057,Kaunas,Lithuania,44000,EUR,annual,f,Ukraine,active,,,CAND-0074
EMP-0075,Erikas,Rimkus,erikas.rimkus@enovatech.com,Product,Core Product,Product Manager,ic2,full_time,2025-07-01,2025-08-29,EMP-0056,Kaunas,Lithuania,49000,EUR,annual,m,Lithuania,active,,,CAND-0075
EMP-0076,Viktorija,Kairys,viktorija.kairys@enovatech.com,Product,Platform,Director of Product,director,full_time,2025-07-01,2025-08-17,EMP-0014,Remote,Lithuania,121500,EUR,annual,m,Poland,active,,,CAND-0076
EMP-0077,Jonas,Stankus,jonas.stankus@enovatech.com,Product,Platform,Director of Product,director,full_time,2025-07-03,2025-08-23,EMP-0016,Remote,Lithuania,118000,EUR,annual,f,Estonia,active,,,CAND-0077
EMP-0078,Natalia,Zielinski,natalia.zielinski@enovatech.com,Product,UX Research,Senior Product Lead,senior_manager,full_time,2024-03-07,2024-04-17,EMP-0033,Vilnius,Lithuania,90000,EUR,annual,f,Lithuania,active,,,CAND-0078
EMP-0079,Agne,Stankus,agne.stankus@enovatech.com,Product,Platform,Senior Product Lead,senior_manager,full_time,2024-03-22,2024-04-15,EMP-0002,Vilnius,Lithuania,95000,EUR,annual,f,Lithuania,active,,,CAND-0079
EMP-0080,Adam,Mazur,adam.mazur@enovatech.com,Product,Platform,Senior Product Lead,senior_manager,full_time,2024-04-07,2024-05-20,EMP-0003,Vilnius,Lithuania,101500,EUR,annual,m,Latvia,active,,,CAND-0080
EMP-0081,Monika,Jankowski,monika.jankowski@enovatech.com,Product,Platform,Senior Product Lead,senior_manager,full_time,2024-03-13,2024-04-29,EMP-0002,Vilnius,Lithuania,109000,EUR,annual,f,Ukraine,active,,,CAND-0081
EMP-0082,Matas,Zukauskas,matas.zukauskas@enovatech.com,Product,UX Research,Senior Product Lead,senior_manager,full_time,2024-03-23,2024-05-19,EMP-0031,Vilnius,Lithuania,87000,EUR,annual,m,Latvia,active,,,CAND-0082
EMP-0083,Kinga,Toth,kinga.toth@enovatech.com,Product,Platform,Product Manager,ic2,full_time,2024-03-12,2024-05-09,EMP-0014,Vilnius,Lithuania,35000,EUR,annual,f,Poland,active,,,CAND-0083
EMP-0084,Hannah,Thomas,hannah.thomas@enovatech.com,Product,Core Product,Product Manager,ic2,full_time,2024-03-26,2024-05-18,EMP-0077,Vilnius,Lithuania,46000,EUR,annual,m,Latvia,active,,,CAND-0084
EMP-0085,Mykhailo,Shevchuk,mykhailo.shevchuk@enovatech.com,Analytics,Data Science,Analytics Manager,manager,full_time,2025-07-01,2025-08-20,EMP-0080,Kaunas,Lithuania,77500,EUR,annual,m,Ukraine,active,,,CAND-0085
EMP-0086,Tiberiu,Ivanov,tiberiu.ivanov@enovatech.com,Analytics,Data Science,Data Engineering Manager,manager,full_time,2025-07-04,2025-07-29,EMP-0077,Kaunas,Lithuania,76000,EUR,annual,f,Lithuania,active,,,CAND-0086
EMP-0087,Zsuzsanna,Nagy,zsuzsanna.nagy@enovatech.com,Analytics,Data Engineering,Analytics Manager,manager,full_time,2025-07-01,2025-08-27,EMP-0076,Kaunas,Lithuania,90000,EUR,annual,m,Germany,active,,,CAND-0087
EMP-0088,Matas,Noreika,matas.noreika@enovatech.com,Analytics,Analytics,Senior Analytics Engineer,ic3,full_time,2024-12-05,2024-12-27,EMP-0003,Vilnius,Lithuania,77000,EUR,annual,m,Lithuania,active,,,CAND-0088
EMP-0089,Lina,Noreika,lina.noreika@enovatech.com,Analytics,Data Engineering,Data Scientist,ic3,full_time,2024-12-27,2025-02-19,EMP-0076,Vilnius,Lithuania,59000,EUR,annual,m,Poland,active,,,CAND-0089
EMP-0090,Vaida,Jankauskas,vaida.jankauskas@enovatech.com,Analytics,BI,Data Scientist,ic3,full_time,2024-12-23,2025-01-07,EMP-0087,Vilnius,Lithuania,57000,EUR,annual,m,Ukraine,active,,,CAND-0090
EMP-0091,Lukas,Urbonas,lukas.urbonas@enovatech.com,Analytics,Data Science,Senior Data Analyst,ic3,full_time,2024-12-24,2025-01-21,EMP-0077,Vilnius,Lithuania,67000,EUR,annual,f,Estonia,active,,,CAND-0091
EMP-0092,Kinga,Nagy,kinga.nagy@enovatech.com,Analytics,Data Science,BI Analyst,ic2,full_time,2025-03-21,2025-05-17,EMP-0017,Vilnius,Lithuania,45500,EUR,annual,m,Ukraine,active,,,CAND-0092
EMP-0093,Damian,Mazur,damian.mazur@enovatech.com,Analytics,BI,Data Analyst,ic2,full_time,2025-04-01,2025-05-23,EMP-0015,Vilnius,Lithuania,50500,EUR,annual,f,Lithuania,active,,,CAND-0093
EMP-0094,Aiste,Zukauskas,aiste.zukauskas@enovatech.com,Analytics,Data Science,Analytics Engineer,ic2,full_time,2025-03-13,2025-04-07,EMP-0033,Vilnius,Lithuania,38000,EUR,annual,f,Poland,active,,,CAND-0094
EMP-0095,Vilius,Jankauskas,vilius.jankauskas@enovatech.com,Analytics,BI,Head of Data,director,full_time,2025-07-03,2025-08-12,EMP-0004,Vilnius,Lithuania,112000,EUR,annual,m,Latvia,active,,,CAND-0095
EMP-0096,Karolina,Kozlowski,karolina.kozlowski@enovatech.com,Analytics,Analytics,Director of Data and Analytics,director,full_time,2025-07-01,2025-08-18,EMP-0079,Vilnius,Lithuania,112500,EUR,annual,m,Lithuania,active,,,CAND-0096
EMP-0097,Magdalena,Wisniewski,magdalena.wisniewski@enovatech.com,Analytics,Analytics,Data Analyst,ic2,full_time,2024-03-28,2024-04-14,EMP-0076,Vilnius,Lithuania,52000,EUR,annual,m,Estonia,active,,,CAND-0097
EMP-0098,Anna,Kaminski,anna.kaminski@enovatech.com,Analytics,Analytics,Data Engineer,ic2,full_time,2024-02-27,2024-04-01,EMP-0085,Vilnius,Lithuania,40000,EUR,annual,f,Poland,active,,,CAND-0098
EMP-0099,Dmytro,Kovalenko,dmytro.kovalenko@enovatech.com,Analytics,Analytics,BI Analyst,ic2,full_time,2024-03-03,2024-04-29,EMP-0058,Vilnius,Lithuania,38000,EUR,annual,m,Germany,active,,,CAND-0099
EMP-0100,Tiberiu,Toth,tiberiu.toth@enovatech.com,Growth,SEO,Senior Marketing Manager,senior_manager,full_time,2025-07-03,2025-07-20,EMP-0013,Vilnius,Lithuania,98500,EUR,annual,f,Lithuania,active,,,CAND-0100
EMP-0101,Ivan,Shevchenko,ivan.shevchenko@enovatech.com,Growth,Performance Marketing,Senior Marketing Manager,senior_manager,full_time,2025-06-09,2025-07-29,EMP-0100,Vilnius,Lithuania,88000,EUR,annual,f,United Kingdom,active,,,CAND-0101
EMP-0102,Vaida,Noreika,vaida.noreika@enovatech.com,Growth,SEO,Senior Marketing Manager,senior_manager,full_time,2025-06-12,2025-07-22,EMP-0082,Vilnius,Lithuania,105000,EUR,annual,f,Latvia,active,,,CAND-0102
EMP-0103,Alina,Melnyk,alina.melnyk@enovatech.com,Growth,CRM,Senior Marketing Manager,senior_manager,full_time,2025-06-04,2025-07-12,EMP-0005,Vilnius,Lithuania,98500,EUR,annual,f,Estonia,active,,,CAND-0103
EMP-0104,William,Clark,william.clark@enovatech.com,Growth,Brand,Senior Marketing Manager,senior_manager,full_time,2025-04-03,2025-05-22,EMP-0102,Vilnius,Lithuania,94500,EUR,annual,m,Germany,active,,,CAND-0104
EMP-0105,Bence,Kovacs,bence.kovacs@enovatech.com,Growth,Growth,Senior Marketing Manager,senior_manager,full_time,2025-05-02,2025-05-28,EMP-0080,Vilnius,Lithuania,86000,EUR,annual,f,Estonia,active,,,CAND-0105
EMP-0106,Elena,Ionescu,elena.ionescu@enovatech.com,Growth,SEO,Senior Marketing Manager,senior_manager,full_time,2025-04-07,2025-05-19,EMP-0002,Vilnius,Lithuania,110000,EUR,annual,f,Ukraine,active,,,CAND-0106
EMP-0107,Mirela,Smirnov,mirela.smirnov@enovatech.com,Growth,Performance Marketing,Senior Marketing Manager,senior_manager,full_time,2025-03-28,2025-05-04,EMP-0061,Vilnius,Lithuania,102000,EUR,annual,m,United Kingdom,active,,,CAND-0107
EMP-0108,Bartosz,Lewandowski,bartosz.lewandowski@enovatech.com,Growth,Performance Marketing,CRM Manager,ic2,full_time,2025-02-23,2025-03-27,EMP-0014,London,United Kingdom,53500,GBP,annual,m,Ukraine,active,,,CAND-0108
EMP-0109,Erikas,Levinskas,erikas.levinskas@enovatech.com,Growth,SEO,CRM Manager,ic2,full_time,2025-02-24,2025-03-31,EMP-0104,London,United Kingdom,58000,GBP,annual,f,Poland,active,,,CAND-0109
EMP-0110,Dovydas,Daunoras,dovydas.daunoras@enovatech.com,Growth,SEO,Growth Manager,ic2,full_time,2025-02-28,2025-04-13,EMP-0061,London,United Kingdom,54500,GBP,annual,f,Germany,active,,,CAND-0110
EMP-0111,Lina,Rimkus,lina.rimkus@enovatech.com,Growth,SEO,Performance Marketing Manager,ic2,full_time,2025-02-01,2025-03-03,EMP-0013,London,United Kingdom,59500,GBP,annual,f,Lithuania,active,,,CAND-0111
EMP-0112,Taras,Tkachenko,taras.tkachenko@enovatech.com,Growth,Brand,Head of Marketing,director,full_time,2024-02-28,2024-04-14,EMP-0076,Vilnius,Lithuania,128000,EUR,annual,m,Germany,active,,,CAND-0112
EMP-0113,Ewelina,Wisniewski,ewelina.wisniewski@enovatech.com,Growth,Performance Marketing,Head of Growth,director,full_time,2024-02-25,2024-03-30,EMP-0100,Vilnius,Lithuania,107500,EUR,annual,f,Lithuania,active,,,CAND-0113
EMP-0114,Aleksandra,Wisniewski,aleksandra.wisniewski@enovatech.com,Growth,Performance Marketing,Head of Marketing,director,full_time,2024-03-15,2024-04-03,EMP-0077,Vilnius,Lithuania,140000,EUR,annual,m,Poland,active,,,CAND-0114
EMP-0115,Adam,Dabrowska,adam.dabrowska@enovatech.com,Growth,Performance Marketing,Head of Marketing,director,full_time,2024-02-16,2024-03-04,EMP-0003,Vilnius,Lithuania,130500,EUR,annual,m,Poland,active,,,CAND-0115
EMP-0116,Laura,Schulz,laura.schulz@enovatech.com,Growth,SEO,Head of Growth,director,full_time,2024-02-18,2024-03-13,EMP-0102,Vilnius,Lithuania,110000,EUR,annual,f,Ukraine,active,,,CAND-0116
EMP-0117,Vilius,Stonkus,vilius.stonkus@enovatech.com,Growth,SEO,Marketing Manager,manager,full_time,2025-07-04,2025-08-03,EMP-0114,Remote,Lithuania,87500,EUR,annual,m,Lithuania,active,,,CAND-0117
EMP-0118,Rokas,Kairys,rokas.kairys@enovatech.com,Growth,Performance Marketing,Marketing Manager,manager,full_time,2025-07-04,2025-08-05,EMP-0086,Remote,Lithuania,88000,EUR,annual,f,Lithuania,active,,,CAND-0118
EMP-0119,Mindaugas,Rimkus,mindaugas.rimkus@enovatech.com,Growth,Performance Marketing,Marketing Manager,manager,full_time,2025-07-02,2025-08-26,EMP-0105,Remote,Lithuania,68000,EUR,annual,m,United Kingdom,active,,,CAND-0119
EMP-0120,Rafal,Nagy,rafal.nagy@enovatech.com,Growth,SEO,Marketing Manager,manager,full_time,2025-07-03,2025-08-29,EMP-0105,Remote,Lithuania,85000,EUR,annual,f,Poland,active,,,CAND-0120
EMP-0121,Laura,Stonkus,laura.stonkus@enovatech.com,Growth,Performance Marketing,Senior Performance Marketer,ic3,full_time,2025-07-01,2025-07-31,EMP-0106,London,United Kingdom,86500,GBP,annual,non_binary,Poland,active,,,CAND-0121
EMP-0122,Rokas,Paulauskas,rokas.paulauskas@enovatech.com,Growth,SEO,Senior CRM Manager,ic3,full_time,2025-07-01,2025-07-17,EMP-0017,London,United Kingdom,78500,GBP,annual,f,Lithuania,active,,,CAND-0122
EMP-0123,Ewelina,Nowak,ewelina.nowak@enovatech.com,Growth,CRM,Senior Growth Manager,ic3,full_time,2025-07-04,2025-07-27,EMP-0086,London,United Kingdom,77000,GBP,annual,m,Poland,active,,,CAND-0123
EMP-0124,Tiberiu,Nagy,tiberiu.nagy@enovatech.com,Growth,Performance Marketing,Senior Growth Manager,ic3,full_time,2025-07-04,2025-08-23,EMP-0050,London,United Kingdom,84500,GBP,annual,m,Poland,active,,,CAND-0124
EMP-0125,Aleksandra,Szymanski,aleksandra.szymanski@enovatech.com,Finance,FP&A,Senior FP&A Analyst,ic3,full_time,2025-05-15,2025-06-17,EMP-0105,Vilnius,Lithuania,58500,EUR,annual,f,Germany,active,,,CAND-0125
EMP-0126,Mindaugas,Radzevicius,mindaugas.radzevicius@enovatech.com,Finance,Accounting,Financial Analyst,ic2,full_time,2025-05-19,2025-07-18,EMP-0114,Vilnius,Lithuania,38500,EUR,annual,f,Lithuania,active,,,CAND-0126
EMP-0127,Rytis,Levinskas,rytis.levinskas@enovatech.com,Finance,Accounting,FP&A Analyst,ic2,full_time,2025-06-19,2025-07-03,EMP-0106,Vilnius,Lithuania,3700,EUR,annual,f,Poland,active,,,CAND-0127
EMP-0128,Mindaugas,Butkus,mindaugas.butkus@enovatech.com,Finance,FP&A,FP&A Analyst,ic2,full_time,2025-06-15,2025-07-05,EMP-0031,Vilnius,Lithuania,44500,EUR,annual,m,Poland,active,,,CAND-0128
EMP-0129,Tiberiu,Fedorov,tiberiu.fedorov@enovatech.com,Finance,FP&A,Financial Analyst,ic2,full_time,2025-05-21,2025-07-16,EMP-0100,Vilnius,Lithuania,50500,EUR,annual,f,Poland,active,,,CAND-0129
EMP-0130,Ruta,Noreika,ruta.noreika@enovatech.com,Finance,Accounting,FP&A Analyst,ic2,full_time,2025-05-11,2025-06-18,EMP-0119,Vilnius,Lithuania,37000,EUR,annual,m,Poland,active,,,CAND-0130
EMP-0131,Ruta,Daunoras,ruta.daunoras@enovatech.com,Finance,FP&A,Financial Analyst,ic2,full_time,2025-06-04,2025-07-11,EMP-0100,Vilnius,Lithuania,39500,EUR,annual,f,Germany,active,,,CAND-0131
EMP-0132,Domantas,Radzevicius,domantas.radzevicius@enovatech.com,Finance,FP&A,Management Accountant,ic2,full_time,2025-05-28,2025-06-28,EMP-0003,Vilnius,Lithuania,48500,EUR,annual,f,Lithuania,active,,,CAND-0132
EMP-0133,Matas,Ambrazas,matas.ambrazas@enovatech.com,Operations,Trust and Safety,Fraud Analyst,ic2,full_time,2025-06-15,2025-08-05,EMP-0079,Berlin,Germany,78500,EUR,annual,f,Lithuania,active,,,CAND-0133
EMP-0134,Agne,Levinskas,agne.levinskas@enovatech.com,Operations,Partner Ops,Operations Specialist,ic2,full_time,2025-06-11,2025-06-28,EMP-0113,Berlin,Germany,72500,EUR,annual,f,Ukraine,active,,,CAND-0134
EMP-0135,Monika,Petrauskas,monika.petrauskas@enovatech.com,Operations,Trust and Safety,Fraud Analyst,ic2,full_time,2025-06-21,2025-07-19,EMP-0086,Berlin,Germany,79500,EUR,annual,m,Ukraine,active,,,CAND-0135
EMP-0136,Erikas,Levinskas,erikas.levinskas@enovatech.com,Operations,Partner Ops,Operations Specialist,ic2,full_time,2025-07-04,2025-07-25,EMP-0087,Berlin,Germany,64500,EUR,annual,f,Netherlands,active,,,CAND-0136
EMP-0137,Tetyana,Bondarenko,tetyana.bondarenko@enovatech.com,Operations,Trust and Safety,Partner Operations Manager,ic2,full_time,2025-06-18,2025-08-09,EMP-0087,Berlin,Germany,62500,EUR,annual,m,Ukraine,active,,,CAND-0137
EMP-0138,Volodymyr,Kovalenko,volodymyr.kovalenko@enovatech.com,Operations,Partner Ops,Customer Support Manager,manager,full_time,2025-02-09,2025-04-05,EMP-0106,Kaunas,Lithuania,93500,EUR,annual,f,United Kingdom,active,,,CAND-0138
EMP-0139,Matthew,Brown,matthew.brown@enovatech.com,Operations,Partner Ops,Customer Support Manager,manager,full_time,2025-03-03,2025-04-01,EMP-0080,Kaunas,Lithuania,92500,EUR,annual,m,Lithuania,active,,,CAND-0139
EMP-0140,Lukas,Daunoras,lukas.daunoras@enovatech.com,Operations,Partner Ops,Operations Manager,manager,full_time,2025-02-20,2025-03-14,EMP-0079,Kaunas,Lithuania,85500,EUR,annual,m,United Kingdom,active,,,CAND-0140
EMP-0141,Jolanta,Grigas,jolanta.grigas@enovatech.com,Operations,Partner Ops,Operations Manager,manager,full_time,2025-03-03,2025-04-14,EMP-0030,Kaunas,Lithuania,72000,EUR,annual,m,Poland,active,,,CAND-0141
EMP-0142,Oksana,Petrov,oksana.petrov@enovatech.com,Operations,Partner Ops,Operations Manager,manager,full_time,2025-02-14,2025-03-01,EMP-0079,Kaunas,Lithuania,73000,EUR,annual,f,Ukraine,active,,,CAND-0142
EMP-0143,Tiberiu,Ivanov,tiberiu.ivanov@enovatech.com,Operations,Customer Support,Trust and Safety Lead,ic3,full_time,2025-07-01,2025-07-30,EMP-0117,Vilnius,Lithuania,59000,EUR,annual,m,Lithuania,active,,,CAND-0143
EMP-0144,Edvinas,Zukauskas,edvinas.zukauskas@enovatech.com,Operations,Partner Ops,Trust and Safety Lead,ic3,full_time,2025-07-02,2025-07-21,EMP-0101,Vilnius,Lithuania,74500,EUR,annual,m,Germany,active,,,CAND-0144
EMP-0145,Monika,Wisniewski,monika.wisniewski@enovatech.com,Operations,Trust and Safety,Customer Support Lead,ic3,full_time,2025-07-01,2025-07-26,EMP-0078,Vilnius,Lithuania,4800,EUR,annual,m,Germany,active,,,CAND-0145
EMP-0146,Matthew,Hughes,matthew.hughes@enovatech.com,Operations,Customer Support,Customer Support Lead,ic3,full_time,2025-07-03,2025-08-08,EMP-0051,Vilnius,Lithuania,6500,EUR,annual,m,Lithuania,active,,,CAND-0146
EMP-0147,Oleksiy,Shevchuk,oleksiy.shevchuk@enovatech.com,Operations,Customer Support,Operations Manager,manager,full_time,2024-03-14,2024-05-10,EMP-0061,Vilnius,Lithuania,69000,EUR,annual,m,Ukraine,active,,,CAND-0147
EMP-0148,Dovydas,Mockus,dovydas.mockus@enovatech.com,HR,L&D,Senior HR Business Partner,ic3,full_time,2025-07-02,2025-07-26,EMP-0115,Kaunas,Lithuania,65500,EUR,annual,m,Lithuania,active,,,CAND-0148
EMP-0149,Viktorija,Petrauskas,viktorija.petrauskas@enovatech.com,HR,HR,Senior TA Specialist,ic3,full_time,2025-07-04,2025-07-18,EMP-0082,Kaunas,Lithuania,77500,EUR,annual,m,Lithuania,active,,,CAND-0149
EMP-0150,Mykhailo,Melnyk,mykhailo.melnyk@enovatech.com,HR,L&D,Senior TA Specialist,ic3,full_time,2025-07-02,2025-08-28,EMP-0147,Kaunas,Lithuania,53000,EUR,annual,m,Poland,active,,,CAND-0150
EMP-0151,Inga,Gudas,inga.gudas@enovatech.com,HR,Compensation,Senior TA Specialist,ic3,full_time,2025-07-03,2025-08-26,EMP-0080,Kaunas,Lithuania,57000,EUR,annual,m,Latvia,active,,,CAND-0151
EMP-0152,Hannah,Koch,hannah.koch@enovatech.com,HR,HR,Senior TA Specialist,ic3,full_time,2025-07-02,2025-08-29,EMP-0030,Kaunas,Lithuania,68500,EUR,annual,m,Ukraine,active,,,CAND-0152
EMP-0153,Alina,Kovalchuk,alina.kovalchuk@enovatech.com,HR,Compensation,Talent Acquisition Specialist,ic2,full_time,2024-08-26,2024-10-04,EMP-0080,Vilnius,Lithuania,47500,EUR,annual,f,Poland,terminated,2025-05-17,involuntary_performance,CAND-0153
EMP-0154,Kristina,Jankauskas,kristina.jankauskas@enovatech.com,HR,Talent Acquisition,HR Business Partner,ic2,full_time,2024-08-17,2024-08-31,EMP-0100,Vilnius,Lithuania,41500,EUR,annual,m,Lithuania,active,,,CAND-0154
EMP-0155,Vladislav,Ionescu,vladislav.ionescu@enovatech.com,HR,L&D,L&D Specialist,ic2,full_time,2024-08-09,2024-10-05,EMP-0086,Vilnius,Lithuania,36000,EUR,annual,m,Lithuania,active,,,CAND-0155
EMP-0156,Marius,Petrov,marius.petrov@enovatech.com,HR,HR,Talent Acquisition Specialist,ic2,full_time,2024-08-27,2024-09-24,EMP-0003,Vilnius,Lithuania,41000,EUR,annual,f,Poland,active,,,CAND-0156
EMP-0157,Rafal,Kowalczyk,rafal.kowalczyk@enovatech.com,HR,Talent Acquisition,HR Business Partner,ic2,full_time,2024-09-14,2024-10-26,EMP-0016,Kaunas,Lithuania,36000,EUR,annual,m,Ukraine,active,,,CAND-0157
EMP-0158,Tadas,Stankus,tadas.stankus@enovatech.com,HR,Talent Acquisition,Compensation and Benefits Analyst,ic2,full_time,2024-09-14,2024-10-30,EMP-0077,Kaunas,Lithuania,45500,EUR,annual,f,Netherlands,terminated,2025-05-16,,CAND-0158
EMP-0159,Damian,Lewandowski,damian.lewandowski@enovatech.com,HR,Compensation,Talent Acquisition Specialist,ic2,full_time,2024-09-16,2024-11-13,EMP-0112,Kaunas,Lithuania,46500,EUR,annual,m,Estonia,active,,,CAND-0159
EMP-0160,Agnieszka,Kaminski,agnieszka.kaminski@enovatech.com,Legal,Compliance,Senior Legal Manager,senior_manager,full_time,2025-07-03,2025-08-02,EMP-0002,Vilnius,Lithuania,107500,EUR,annual,f,Ukraine,active,,,CAND-0160
EMP-0161,Charlotte,Hughes,charlotte.hughes@enovatech.com,Legal,Compliance,Senior Legal Manager,senior_manager,full_time,2025-07-01,2025-08-20,EMP-0016,Vilnius,Lithuania,93500,EUR,annual,m,Poland,active,,,CAND-0161
EMP-0162,Halyna,Kovalchuk,halyna.kovalchuk@enovatech.com,Legal,Compliance,Senior Legal Manager,senior_manager,full_time,2025-07-03,2025-07-18,EMP-0002,Vilnius,Lithuania,91000,EUR,annual,f,Poland,active,,,CAND-0162
EMP-0163,Yaroslav,Boyko,yaroslav.boyko@enovatech.com,Legal,Compliance,Senior Legal Manager,senior_manager,full_time,2025-07-01,2025-07-17,EMP-0015,Vilnius,Lithuania,105500,EUR,annual,m,Ukraine,active,,,CAND-0163
EMP-0164,Iryna,Oliynyk,iryna.oliynyk@enovatech.com,Legal,Legal,Senior Legal Manager,senior_manager,full_time,2025-07-01,2025-08-16,EMP-0114,Vilnius,Lithuania,94500,EUR,annual,f,Ukraine,active,,,CAND-0164
EMP-0165,Andrei,Ivanov,andrei.ivanov@enovatech.com,Legal,Compliance,Senior Compliance Manager,ic3,full_time,2024-06-17,2024-07-15,EMP-0085,Remote,Lithuania,68500,EUR,annual,m,Ukraine,active,,,CAND-0165
EMP-0166,Michal,Kowalski,michal.kowalski@enovatech.com,Legal,Compliance,Senior Legal Counsel,ic3,full_time,2024-06-27,2024-07-29,EMP-0162,Remote,Lithuania,53500,EUR,annual,f,United Kingdom,active,,,CAND-0166
EMP-0167,Emily,Robinson,emily.robinson@enovatech.com,Growth,CRM,Marketing Manager,manager,full_time,2023-05-26,2023-06-12,EMP-0082,London,United Kingdom,91500,GBP,annual,f,United Kingdom,active,,,
EMP-0168,Kristina,Kazlauskas,kristina.kazlauskas@enovatech.com,Growth,Brand,SEO Specialist,ic2,full_time,2023-01-12,2023-01-20,EMP-0102,Vilnius,Lithuania,41000,EUR,annual,f,Lithuania,active,,,
EMP-0169,Ivan,Lytovchenko,ivan.lytovchenko@enovatech.com,Operations,Trust and Safety,Customer Support Specialist,ic1,full_time,2023-11-29,2023-12-11,EMP-0101,Kyiv,Ukraine,20000,EUR,annual,m,Ukraine,terminated,2024-07-29,voluntary_resignation,
EMP-0170,Mantas,Noreika,mantas.noreika@enovatech.com,Engineering,Security,Senior Mobile Engineer,ic3,full_time,2023-04-29,2023-05-26,EMP-0005,Vilnius,Lithuania,67500,EUR,annual,m,Lithuania,active,,,
EMP-0171,Kamil,Szymanski,kamil.szymanski@enovatech.com,Analytics,Analytics,Senior Analytics Manager,senior_manager,full_time,2023-10-28,2023-11-12,EMP-0138,Warsaw,Poland,108500,EUR,annual,m,Poland,active,,,
EMP-0172,Kristina,Ambrazas,kristina.ambrazas@enovatech.com,Analytics,BI,Data Engineer,ic2,full_time,2023-05-01,2023-05-30,EMP-0049,Vilnius,Lithuania,44500,EUR,annual,f,Lithuania,active,,,
EMP-0173,Tomas,Butkus,tomas.butkus@enovatech.com,Operations,Customer Support,Trust and Safety Lead,ic3,full_time,2023-04-05,2023-04-23,EMP-0086,Vilnius,Lithuania,53500,EUR,annual,m,Lithuania,active,,,
EMP-0174,Agne,Grigas,agne.grigas@enovatech.com,Engineering,DevOps,Senior Engineering Manager,senior_manager,full_time,2023-12-20,2024-01-13,EMP-0031,Vilnius,Lithuania,97500,EUR,annual,f,Lithuania,active,,,
EMP-0175,Lina,Ambrazas,lina.ambrazas@enovatech.com,Operations,Partner Ops,Senior Operations Specialist,ic3,full_time,2023-07-08,2023-07-25,EMP-0085,Vilnius,Lithuania,58000,EUR,annual,f,Lithuania,active,,,
EMP-0176,Monika,Jankauskas,monika.jankauskas@enovatech.com,HR,L&D,TA Manager,manager,full_time,2023-03-16,2023-04-15,EMP-0014,Vilnius,Lithuania,93500,EUR,annual,f,Lithuania,active,,,
EMP-0177,Marta,Wozniak,marta.wozniak@enovatech.com,Engineering,QA,Security Engineer,ic3,full_time,2023-04-16,2023-05-05,EMP-0139,Warsaw,Poland,5800,EUR,annual,f,Poland,active,,,
EMP-0178,Ruta,Stankus,ruta.stankus@enovatech.com,Engineering,DevOps,Backend Engineer,ic2,full_time,2023-12-09,2023-12-20,EMP-0105,Vilnius,Lithuania,49000,EUR,annual,f,Lithuania,active,,,
EMP-0179,Daniel,Clark,daniel.clark@enovatech.com,Finance,FP&A,Senior Financial Analyst,ic3,full_time,2023-02-22,2023-03-20,EMP-0096,London,United Kingdom,76500,GBP,annual,m,United Kingdom,active,,,
EMP-0180,Edvinas,Grigas,edvinas.grigas@enovatech.com,Operations,Partner Ops,Trust and Safety Analyst,ic1,full_time,2023-01-30,2023-02-08,EMP-0081,Vilnius,Lithuania,27500,EUR,annual,m,Lithuania,active,,,
EMP-0181,Viktorija,Ambrazas,viktorija.ambrazas@enovatech.com,Product,UX Research,Product Manager,ic2,full_time,2023-11-20,2023-11-29,EMP-0085,Vilnius,Lithuania,45000,EUR,annual,f,Lithuania,active,,,
EMP-0182,Viktorija,Urbonas,viktorija.urbonas@enovatech.com,Engineering,DevOps,DevOps Engineer,ic2,full_time,2023-10-06,2023-10-22,EMP-0141,Vilnius,Lithuania,47500,EUR,annual,f,Lithuania,active,,,
EMP-0183,Arnas,Mockus,arnas.mockus@enovatech.com,Engineering,Mobile,DevOps Engineer,ic2,full_time,2023-05-20,2023-06-09,EMP-0085,Vilnius,Lithuania,51000,EUR,annual,m,Lithuania,active,,,
EMP-0184,Agne,Noreika,agne.noreika@enovatech.com,Product,Platform,Product Lead,manager,full_time,2023-11-28,2023-12-13,EMP-0052,Vilnius,Lithuania,87500,EUR,annual,f,Lithuania,active,,,
EMP-0185,Jolanta,Rimkus,jolanta.rimkus@enovatech.com,HR,HR,Senior TA Specialist,ic3,full_time,2023-02-20,2023-03-12,EMP-0051,Vilnius,Lithuania,60000,EUR,annual,f,Lithuania,active,,,
EMP-0186,Bartosz,Kowalczyk,bartosz.kowalczyk@enovatech.com,Engineering,Frontend,Mobile Engineer,ic2,full_time,2023-01-06,2023-01-14,EMP-0101,Warsaw,Poland,46500,EUR,annual,m,Poland,active,,,
EMP-0187,Lukas,Grigas,lukas.grigas@enovatech.com,Operations,Partner Ops,Trust and Safety Lead,ic3,full_time,2023-05-22,2023-06-17,EMP-0120,Vilnius,Lithuania,53000,EUR,annual,m,Lithuania,terminated,2024-07-16,voluntary_resignation,
EMP-0188,Lukas,Zukauskas,lukas.zukauskas@enovatech.com,Legal,Compliance,Legal Manager,manager,full_time,2023-04-25,2023-05-09,EMP-0147,Vilnius,Lithuania,91000,EUR,annual,m,Lithuania,active,,,
EMP-0189,Jack,Lewis,jack.lewis@enovatech.com,Legal,Legal,Senior Compliance Manager,ic3,full_time,2023-08-23,2023-09-05,EMP-0080,London,United Kingdom,73000,GBP,annual,m,United Kingdom,active,,,
EMP-0190,Tomas,Petrauskas,tomas.petrauskas@enovatech.com,Growth,Growth,CRM Manager,ic2,full_time,2023-02-12,2023-03-07,EMP-0004,Vilnius,Lithuania,34500,EUR,annual,m,Lithuania,active,,,
EMP-0191,Viktorija,Jankauskas,viktorija.jankauskas@enovatech.com,Product,UX Research,Lead UX Researcher,ic3,full_time,2023-12-16,2024-01-14,EMP-0032,Vilnius,Lithuania,66500,EUR,annual,f,Lithuania,active,,,
EMP-0192,David,Koch,david.koch@enovatech.com,Product,Platform,Senior Product Designer,ic3,full_time,2023-11-28,2023-12-07,EMP-0138,Berlin,Germany,83000,EUR,annual,m,Germany,active,,,
EMP-0193,Krzysztof,Mazur,krzysztof.mazur@enovatech.com,Growth,CRM,Growth Manager,ic2,full_time,2023-02-28,2023-03-09,EMP-0001,Warsaw,Poland,48000,EUR,annual,m,Poland,active,,,
EMP-0194,Weronika,Nowak,weronika.nowak@enovatech.com,HR,Talent Acquisition,HR Manager,manager,full_time,2023-09-06,2023-09-13,EMP-0100,Warsaw,Poland,73500,EUR,annual,f,Poland,terminated,2025-03-11,involuntary_performance,
EMP-0195,Viktorija,Kazlauskas,viktorija.kazlauskas@enovatech.com,Operations,Customer Support,Partner Operations Manager,ic2,full_time,2023-09-26,2023-10-22,EMP-0161,Vilnius,Lithuania,41500,EUR,annual,f,Lithuania,terminated,2024-05-26,end_of_contract,
EMP-0196,Mantas,Paulauskas,mantas.paulauskas@enovatech.com,Growth,CRM,Senior Performance Marketer,ic3,full_time,2023-03-17,2023-04-03,EMP-0119,Vilnius,Lithuania,69000,EUR,annual,m,Lithuania,terminated,2024-06-22,,
EMP-0197,Inga,Rimkus,inga.rimkus@enovatech.com,Product,Platform,Director of Product,director,full_time,2023-04-28,2023-05-08,EMP-0082,Vilnius,Lithuania,144000,EUR,annual,f,Lithuania,active,,,
EMP-0198,Viktorija,Urbonas,viktorija.urbonas@enovatech.com,HR,L&D,Talent Acquisition Specialist,ic2,full_time,2023-03-25,2023-04-21,EMP-0119,Vilnius,Lithuania,35500,EUR,annual,f,Lithuania,active,,,
EMP-0199,Claudia,Richter,claudia.richter@enovatech.com,Finance,FP&A,FP&A Analyst,ic2,contractor,2023-06-19,2023-07-03,EMP-0085,Berlin,Germany,77000,EUR,annual,f,Germany,active,,,
EMP-0200,Arnas,Levinskas,arnas.levinskas@enovatech.com,Product,Core Product,Senior Product Designer,ic3,full_time,2023-02-12,2023-02-27,EMP-0079,Vilnius,Lithuania,64500,EUR,annual,m,Lithuania,active,,,
EMP-0201,Egle,Kairys,egle.kairys@enovatech.com,Operations,Customer Support,Trust and Safety Lead,ic3,full_time,2023-05-22,2023-06-21,EMP-0017,Vilnius,Lithuania,56000,EUR,annual,f,Lithuania,active,,,
EMP-0202,Rytis,Daunoras,rytis.daunoras@enovatech.com,Engineering,QA,Staff Engineer,ic3,full_time,2023-07-04,2023-07-15,EMP-0078,Vilnius,Lithuania,64000,EUR,annual,m,Lithuania,active,,,
EMP-0203,Lina,Zukauskas,lina.zukauskas@enovatech.com,Product,UX Research,Principal Product Manager,ic3,full_time,2023-05-27,2023-06-12,EMP-0056,Vilnius,Lithuania,68000,EUR,annual,f,Lithuania,active,,,
EMP-0204,Chloe,Davies,chloe.davies@enovatech.com,Legal,Legal,Compliance Specialist,ic2,full_time,2023-04-23,2023-05-19,EMP-0184,London,United Kingdom,62000,GBP,annual,f,United Kingdom,terminated,2024-06-22,voluntary_resignation,
EMP-0205,Amy,Davies,amy.davies@enovatech.com,Engineering,Backend,Senior Backend Engineer,ic3,full_time,2023-12-06,2023-12-14,EMP-0141,London,United Kingdom,84500,GBP,annual,f,United Kingdom,active,,,
EMP-0206,Gintaras,Kazlauskas,gintaras.kazlauskas@enovatech.com,Growth,Performance Marketing,Performance Marketing Manager,ic2,full_time,2023-11-26,2023-12-16,EMP-0072,Vilnius,Lithuania,45500,EUR,annual,m,Lithuania,active,,,
EMP-0207,Agnieszka,Szymanski,agnieszka.szymanski@enovatech.com,Growth,SEO,Senior Marketing Manager,senior_manager,full_time,2023-10-01,2023-10-14,EMP-0100,Warsaw,Poland,115000,EUR,annual,f,Poland,terminated,2024-04-21,voluntary_resignation,
EMP-0208,Sarah,Koch,sarah.koch@enovatech.com,Growth,SEO,Performance Marketing Manager,ic2,full_time,2023-12-31,2024-01-11,EMP-0052,Berlin,Germany,74000,EUR,annual,f,Germany,terminated,2025-01-03,end_of_contract,
EMP-0209,Mindaugas,Kairys,mindaugas.kairys@enovatech.com,Growth,CRM,Brand Manager,ic2,full_time,2023-06-15,2023-07-12,EMP-0056,Vilnius,Lithuania,44000,EUR,annual,m,Lithuania,active,,,
EMP-0210,Artem,Oliynyk,artem.oliynyk@enovatech.com,Growth,CRM,SEO Specialist,ic2,full_time,2023-06-05,2023-06-15,EMP-0107,Kyiv,Ukraine,34000,EUR,annual,m,Ukraine,active,,,
EMP-0211,Erikas,Daunoras,erikas.daunoras@enovatech.com,Analytics,Data Engineering,Data Analyst,ic2,full_time,2023-03-29,2023-04-22,EMP-0049,Vilnius,Lithuania,43500,EUR,annual,m,Lithuania,terminated,2024-02-02,involuntary_performance,
EMP-0212,Greta,Butkus,greta.butkus@enovatech.com,Engineering,Frontend,Senior DevOps Engineer,ic3,full_time,2023-11-24,2023-12-21,EMP-0086,Vilnius,Lithuania,76000,EUR,annual,f,Lithuania,active,,,
EMP-0213,Hannah,Becker,hannah.becker@enovatech.com,Engineering,DevOps,DevOps Engineer,ic2,contractor,2023-12-03,2023-12-12,EMP-0033,Berlin,Germany,64500,EUR,annual,f,Germany,terminated,2025-05-02,,
EMP-0214,Katarzyna,Wisniewski,katarzyna.wisniewski@enovatech.com,Product,UX Research,Associate Product Manager,ic1,full_time,2023-10-01,2023-10-17,EMP-0184,Warsaw,Poland,35000,EUR,annual,non_binary,Poland,terminated,2025-05-12,involuntary_performance,
EMP-0215,Leon,Meyer,leon.meyer@enovatech.com,Engineering,Mobile,Senior Frontend Engineer,ic3,full_time,2023-05-27,2023-06-23,EMP-0095,Berlin,Germany,88000,EUR,annual,m,Germany,terminated,2024-06-12,,
EMP-0216,Aiste,Grigas,aiste.grigas@enovatech.com,Operations,Customer Support,Fraud Analyst,ic2,full_time,2023-06-07,2023-06-23,EMP-0115,Vilnius,Lithuania,3500,EUR,annual,f,Lithuania,terminated,2024-08-02,involuntary_performance,
EMP-0217,Dovydas,Mockus,dovydas.mockus@enovatech.com,HR,Talent Acquisition,Senior TA Specialist,ic3,full_time,2023-07-22,2023-08-21,EMP-0052,Vilnius,Lithuania,60500,EUR,annual,m,Lithuania,terminated,2025-01-03,,
EMP-0218,Jack,Hughes,jack.hughes@enovatech.com,Engineering,DevOps,Senior DevOps Engineer,ic3,full_time,2023-08-11,2023-09-04,EMP-0076,London,United Kingdom,81500,GBP,annual,m,United Kingdom,active,,,
EMP-0219,Edvinas,Butkus,edvinas.butkus@enovatech.com,Operations,Partner Ops,Senior Customer Support Specialist,ic2,full_time,2023-08-01,2023-08-29,EMP-0049,Vilnius,Lithuania,42000,EUR,annual,m,Lithuania,terminated,2025-03-26,,
EMP-0220,Dovydas,Noreika,dovydas.noreika@enovatech.com,Engineering,Backend,Senior Backend Engineer,ic3,full_time,2023-10-01,2023-10-11,EMP-0013,Vilnius,Lithuania,64500,EUR,annual,m,Lithuania,terminated,2025-05-17,,
EMP-0221,Greta,Petrauskas,greta.petrauskas@enovatech.com,Growth,Growth,Senior Growth Manager,ic3,contractor,2023-12-09,2024-01-06,EMP-0114,Vilnius,Lithuania,77500,EUR,annual,f,Lithuania,active,,,
EMP-0222,Noah,Evans,noah.evans@enovatech.com,Operations,Trust and Safety,Customer Support Lead,ic3,full_time,2023-12-28,2024-01-18,EMP-0162,London,United Kingdom,90000,GBP,annual,m,United Kingdom,active,,,
EMP-0223,Katarzyna,Zielinski,katarzyna.zielinski@enovatech.com,Operations,Partner Ops,Trust and Safety Analyst,ic1,full_time,2023-01-29,2023-02-19,EMP-0081,Warsaw,Poland,36500,EUR,annual,f,Poland,terminated,2024-02-03,end_of_contract,
EMP-0224,Harry,Davies,harry.davies@enovatech.com,Operations,Partner Ops,Trust and Safety Analyst,ic1,full_time,2023-12-29,2024-01-14,EMP-0162,London,United Kingdom,51500,GBP,annual,m,United Kingdom,active,,,
EMP-0225,Inga,Petrauskas,inga.petrauskas@enovatech.com,Engineering,Frontend,Mobile Engineer,ic2,full_time,2023-08-07,2023-09-01,EMP-0104,Vilnius,Lithuania,43000,EUR,annual,f,Lithuania,active,,,
EMP-0226,Aiste,Radzevicius,aiste.radzevicius@enovatech.com,Engineering,DevOps,Senior Mobile Engineer,ic3,full_time,2023-05-18,2023-06-11,EMP-0061,Vilnius,Lithuania,65000,EUR,annual,f,Lithuania,active,,,
EMP-0227,Ewelina,Dabrowska,ewelina.dabrowska@enovatech.com,Engineering,QA,QA Engineer,ic2,full_time,2023-05-30,2023-06-28,EMP-0194,Warsaw,Poland,56500,EUR,annual,prefer_not_to_say,Poland,active,,,
EMP-0228,Bartosz,Kowalski,bartosz.kowalski@enovatech.com,Growth,Brand,Performance Marketing Manager,ic2,full_time,2023-04-29,2023-05-19,EMP-0160,Warsaw,Poland,41000,EUR,annual,m,Poland,active,,,
EMP-0229,Mindaugas,Stonkus,mindaugas.stonkus@enovatech.com,Engineering,DevOps,Security Engineer,ic3,full_time,2023-11-21,2023-11-28,EMP-0086,Vilnius,Lithuania,62500,EUR,annual,m,Lithuania,active,,,
EMP-0230,Agne,Kairys,agne.kairys@enovatech.com,Engineering,Frontend,Frontend Engineer,ic2,full_time,2023-05-19,2023-06-18,EMP-0049,Vilnius,Lithuania,44500,EUR,annual,f,Lithuania,terminated,2024-06-01,,
EMP-0231,Monika,Ambrazas,monika.ambrazas@enovatech.com,Operations,Partner Ops,Customer Support Lead,ic3,full_time,2023-04-29,2023-05-28,EMP-0085,Vilnius,Lithuania,6100,EUR,annual,f,Lithuania,active,,,
EMP-0232,Vaida,Mockus,vaida.mockus@enovatech.com,Product,UX Research,Junior Product Designer,ic1,full_time,2023-05-31,2023-06-10,EMP-0101,Vilnius,Lithuania,30500,EUR,annual,f,Lithuania,active,,,
EMP-0233,Tetyana,Melnyk,tetyana.melnyk@enovatech.com,Analytics,Data Science,Analytics Manager,manager,full_time,2023-11-10,2023-12-04,EMP-0163,Kyiv,Ukraine,72500,EUR,annual,f,Ukraine,active,,,
EMP-0234,Matas,Grigas,matas.grigas@enovatech.com,Growth,Brand,Senior Marketing Manager,senior_manager,full_time,2023-01-29,2023-02-11,EMP-0003,Vilnius,Lithuania,111500,EUR,annual,m,Lithuania,terminated,2024-01-11,,
EMP-0235,Natalia,Kozlowski,natalia.kozlowski@enovatech.com,Analytics,Data Science,Head of Data,director,full_time,2023-08-12,2023-08-31,EMP-0077,Warsaw,Poland,123000,EUR,annual,f,Poland,active,,,
EMP-0236,Saulius,Stonkus,saulius.stonkus@enovatech.com,Growth,CRM,Growth Lead,manager,full_time,2023-07-01,2023-07-20,EMP-0162,Vilnius,Lithuania,74500,EUR,annual,m,Lithuania,active,,,
EMP-0237,Neringa,Levinskas,neringa.levinskas@enovatech.com,Growth,Brand,Senior CRM Manager,ic3,full_time,2023-08-31,2023-09-13,EMP-0056,Vilnius,Lithuania,73500,EUR,annual,f,Lithuania,active,,,
EMP-0238,Gintaras,Stonkus,gintaras.stonkus@enovatech.com,Analytics,BI,Senior Data Analyst,ic3,full_time,2023-08-24,2023-09-14,EMP-0095,Vilnius,Lithuania,5900,EUR,annual,m,Lithuania,active,,,
EMP-0239,Mantas,Rimkus,mantas.rimkus@enovatech.com,Engineering,Mobile,Frontend Engineer,ic2,full_time,2023-08-31,2023-09-15,EMP-0162,Vilnius,Lithuania,37500,EUR,annual,m,Lithuania,active,,,
EMP-0240,Rokas,Kairys,rokas.kairys@enovatech.com,Product,UX Research,UX Researcher,ic2,full_time,2023-06-20,2023-07-09,EMP-0188,Vilnius,Lithuania,50000,EUR,annual,m,Lithuania,active,,,
EMP-0241,Neringa,Noreika,neringa.noreika@enovatech.com,Engineering,Mobile,Senior Frontend Engineer,ic3,full_time,2023-05-12,2023-06-10,EMP-0207,Vilnius,Lithuania,62000,EUR,annual,f,Lithuania,active,,,
EMP-0242,Monika,Paulauskas,monika.paulauskas@enovatech.com,Growth,Brand,Senior Marketing Manager,senior_manager,full_time,2023-05-20,2023-06-09,EMP-0119,Vilnius,Lithuania,108000,EUR,annual,f,Lithuania,active,,,
EMP-0243,Paulina,Kowalski,paulina.kowalski@enovatech.com,Product,Core Product,Product Lead,manager,full_time,2023-01-21,2023-01-30,EMP-0174,Warsaw,Poland,83000,EUR,annual,f,Poland,active,,,
EMP-0244,Rokas,Urbonas,rokas.urbonas@enovatech.com,Legal,Compliance,Senior Legal Counsel,ic3,full_time,2023-07-16,2023-08-07,EMP-0005,Vilnius,Lithuania,63000,EUR,annual,m,Lithuania,active,,,
EMP-0245,Oksana,Lytovchenko,oksana.lytovchenko@enovatech.com,Legal,Compliance,Senior Legal Counsel,ic3,full_time,2023-07-17,2023-07-30,EMP-0095,Kyiv,Ukraine,4400,EUR,annual,f,Ukraine,active,,,
EMP-0246,Jonas,Schulz,jonas.schulz@enovatech.com,Growth,Brand,Growth Lead,manager,full_time,2023-04-20,2023-05-17,EMP-0082,Berlin,Germany,99000,EUR,annual,m,Germany,terminated,2024-06-10,involuntary_performance,
EMP-0247,George,Thomas,george.thomas@enovatech.com,Product,Core Product,Product Designer,ic2,full_time,2023-10-01,2023-10-13,EMP-0081,London,United Kingdom,55500,GBP,annual,m,United Kingdom,terminated,2024-07-10,end_of_contract,
EMP-0248,Sarah,Meyer,sarah.meyer@enovatech.com,Engineering,Security,Senior Engineering Manager,senior_manager,full_time,2023-09-07,2023-10-06,EMP-0056,Berlin,Germany,120500,EUR,annual,f,Germany,active,,,
EMP-0249,Andrew,Lewis,andrew.lewis@enovatech.com,Engineering,Mobile,Platform Engineer,ic2,contractor,2023-08-10,2023-08-24,EMP-0207,London,United Kingdom,56000,GBP,annual,m,United Kingdom,active,,,
EMP-0250,Matas,Stonkus,matas.stonkus@enovatech.com,Operations,Partner Ops,Operations Specialist,ic2,full_time,2023-05-19,2023-05-30,EMP-0174,Vilnius,Lithuania,40000,EUR,annual,m,Lithuania,terminated,2023-08-07,voluntary_resignation,
EMP-0251,Mindaugas,Paulauskas,mindaugas.paulauskas@enovatech.com,HR,HR,HR Manager,manager,full_time,2023-08-10,2023-08-21,EMP-0072,Vilnius,Lithuania,86500,EUR,annual,m,Lithuania,active,,,
EMP-0252,Vaida,Rimkus,vaida.rimkus@enovatech.com,Product,Core Product,Product Designer,ic2,full_time,2023-11-09,2023-11-20,EMP-0174,Vilnius,Lithuania,3200,EUR,annual,f,Lithuania,active,,,
EMP-0253,Julia,Weber,julia.weber@enovatech.com,HR,Compensation,Senior TA Specialist,ic3,full_time,2023-11-15,2023-12-10,EMP-0072,Berlin,Germany,94500,EUR,annual,f,Germany,active,,,
EMP-0254,Yaroslav,Kravchenko,yaroslav.kravchenko@enovatech.com,Growth,Growth,Growth Analyst,ic1,full_time,2023-02-05,2023-02-14,EMP-0101,Kyiv,Ukraine,2000,EUR,annual,m,Ukraine,active,,,
EMP-0255,Neringa,Rimkus,neringa.rimkus@enovatech.com,Legal,Compliance,Senior Legal Counsel,ic3,full_time,2023-12-27,2024-01-05,EMP-0013,Vilnius,Lithuania,5200,EUR,annual,f,Lithuania,terminated,2024-06-14,,
EMP-0256,Emma,Jones,emma.jones@enovatech.com,Operations,Customer Support,Partner Operations Manager,ic2,full_time,2023-01-20,2023-02-02,EMP-0236,London,United Kingdom,54500,GBP,annual,f,United Kingdom,active,,,
EMP-0257,Viktorija,Zukauskas,viktorija.zukauskas@enovatech.com,Engineering,Backend,Senior DevOps Engineer,ic3,full_time,2023-11-05,2023-11-30,EMP-0234,Vilnius,Lithuania,52500,EUR,annual,f,Lithuania,active,,,
EMP-0258,Dovydas,Kairys,dovydas.kairys@enovatech.com,Engineering,Security,Frontend Engineer,ic2,full_time,2023-07-07,2023-08-02,EMP-0061,Vilnius,Lithuania,39000,EUR,annual,m,Lithuania,active,,,
EMP-0259,Lisa,Wagner,lisa.wagner@enovatech.com,Engineering,QA,Staff Engineer,ic3,full_time,2023-04-09,2023-04-17,EMP-0102,Berlin,Germany,94000,EUR,annual,f,Germany,active,,,
EMP-0260,Aiste,Jankauskas,aiste.jankauskas@enovatech.com,HR,HR,Senior TA Specialist,ic3,full_time,2023-06-15,2023-06-26,EMP-0117,Vilnius,Lithuania,5900,EUR,annual,f,Lithuania,active,,,
EMP-0261,Laura,Grigas,laura.grigas@enovatech.com,Growth,Performance Marketing,Senior Growth Manager,ic3,full_time,2023-07-20,2023-08-03,EMP-0142,Vilnius,Lithuania,58500,EUR,annual,f,Lithuania,active,,,
EMP-0262,Lukasz,Kaminski,lukasz.kaminski@enovatech.com,Operations,Trust and Safety,Fraud Analyst,ic2,full_time,2023-03-10,2023-03-29,EMP-0030,Warsaw,Poland,42500,EUR,annual,m,Poland,active,,,
EMP-0263,Greta,Levinskas,greta.levinskas@enovatech.com,Finance,FP&A,FP&A Analyst,ic2,full_time,2023-05-15,2023-06-09,EMP-0005,Vilnius,Lithuania,35000,EUR,annual,f,Lithuania,active,,,
EMP-0264,Egle,Levinskas,egle.levinskas@enovatech.com,Engineering,Security,Senior Mobile Engineer,ic3,full_time,2023-09-25,2023-10-13,EMP-0102,Vilnius,Lithuania,56500,EUR,annual,f,Lithuania,active,,,
EMP-0265,Domantas,Stankus,domantas.stankus@enovatech.com,Engineering,DevOps,Engineering Manager,manager,full_time,2023-02-14,2023-03-07,EMP-0081,Vilnius,Lithuania,79000,EUR,annual,m,Lithuania,active,,,
EMP-0266,Domantas,Stonkus,domantas.stonkus@enovatech.com,Operations,Partner Ops,Operations Specialist,ic2,full_time,2023-09-03,2023-09-14,EMP-0234,Vilnius,Lithuania,44000,EUR,annual,m,Lithuania,active,,,
EMP-0267,Mantas,Noreika,mantas.noreika@enovatech.com,Product,UX Research,UX Researcher,ic2,contractor,2023-11-13,2023-12-09,EMP-0080,Vilnius,Lithuania,47000,EUR,annual,m,Lithuania,active,,,
EMP-0268,Monika,Rimkus,monika.rimkus@enovatech.com,Engineering,DevOps,Senior Backend Engineer,ic3,full_time,2023-06-15,2023-06-29,EMP-0095,Vilnius,Lithuania,4800,EUR,annual,f,Lithuania,active,,,
EMP-0269,Domantas,Noreika,domantas.noreika@enovatech.com,Operations,Trust and Safety,Operations Manager,manager,full_time,2023-04-16,2023-05-03,EMP-0107,Vilnius,Lithuania,91000,EUR,annual,m,Lithuania,terminated,2024-06-25,involuntary_performance,
EMP-0270,Lina,Levinskas,lina.levinskas@enovatech.com,Engineering,Security,Backend Engineer,ic2,full_time,2023-10-06,2023-10-24,EMP-0139,Vilnius,Lithuania,42500,EUR,annual,f,Lithuania,active,,,
EMP-0271,Halyna,Kravchenko,halyna.kravchenko@enovatech.com,Legal,Compliance,Senior Compliance Manager,ic3,full_time,2023-12-13,2023-12-27,EMP-0033,Kyiv,Ukraine,45000,EUR,annual,f,Ukraine,active,,,
EMP-0272,Ewelina,Wozniak,ewelina.wozniak@enovatech.com,HR,L&D,HR Business Partner,ic2,full_time,2023-05-13,2023-05-30,EMP-0246,Warsaw,Poland,54500,EUR,annual,f,Poland,terminated,2024-10-05,,
EMP-0273,Vaida,Rimkus,vaida.rimkus@enovatech.com,Operations,Customer Support,Partner Operations Manager,ic2,full_time,2023-08-11,2023-08-22,EMP-0086,Vilnius,Lithuania,51000,EUR,annual,f,Lithuania,active,,,
EMP-0274,Paulina,Mazur,paulina.mazur@enovatech.com,Operations,Trust and Safety,Operations Manager,manager,full_time,2023-03-12,2023-04-11,EMP-0138,Warsaw,Poland,83500,EUR,annual,f,Poland,active,,,
EMP-0275,Katarzyna,Kaminski,katarzyna.kaminski@enovatech.com,Engineering,Frontend,Engineering Manager,manager,full_time,2023-04-15,2023-05-07,EMP-0101,Warsaw,Poland,96500,EUR,annual,f,Poland,active,,,
EMP-0276,Paulina,Szymanski,paulina.szymanski@enovatech.com,Analytics,Data Engineering,Data Analyst,ic2,full_time,2023-05-26,2023-06-15,EMP-0117,Warsaw,Poland,56000,EUR,annual,f,Poland,active,,,
EMP-0277,Aiste,Paulauskas,aiste.paulauskas@enovatech.com,Engineering,Mobile,Senior Mobile Engineer,ic3,full_time,2023-11-21,2023-12-19,EMP-0095,Vilnius,Lithuania,78000,EUR,annual,f,Lithuania,terminated,2025-03-29,voluntary_resignation,
EMP-0278,Aiste,Paulauskas,aiste.paulauskas@enovatech.com,Engineering,QA,DevOps Engineer,ic2,full_time,2023-12-16,2024-01-05,EMP-0139,Vilnius,Lithuania,36000,EUR,annual,f,Lithuania,active,,,
EMP-0279,Magdalena,Mazur,magdalena.mazur@enovatech.com,Growth,Brand,Head of Growth,director,full_time,2023-04-09,2023-04-21,EMP-0246,Warsaw,Poland,130500,EUR,annual,f,Poland,active,,,
EMP-0280,Vilius,Gudas,vilius.gudas@enovatech.com,Engineering,DevOps,Senior Engineering Manager,senior_manager,full_time,2023-09-27,2023-10-15,EMP-0116,Vilnius,Lithuania,113000,EUR,annual,m,Lithuania,active,,,
EMP-0281,Ruta,Grigas,ruta.grigas@enovatech.com,Analytics,Data Engineering,Data Analyst,ic2,full_time,2023-10-03,2023-10-16,EMP-0248,Vilnius,Lithuania,44000,EUR,annual,f,Lithuania,active,,,
EMP-0282,Iryna,Boyko,iryna.boyko@enovatech.com,Product,Platform,Product Designer,ic2,full_time,2023-02-03,2023-02-25,EMP-0120,Kyiv,Ukraine,3600,EUR,annual,f,Ukraine,active,,,
EMP-0283,Monika,Urbonas,monika.urbonas@enovatech.com,Finance,FP&A,FP&A Analyst,ic2,full_time,2023-05-21,2023-06-04,EMP-0015,Vilnius,Lithuania,48500,EUR,annual,f,Lithuania,terminated,2024-02-26,voluntary_resignation,
EMP-0284,Gintaras,Grigas,gintaras.grigas@enovatech.com,Product,UX Research,Product Lead,manager,full_time,2023-06-03,2023-06-14,EMP-0139,Vilnius,Lithuania,72000,EUR,annual,m,Lithuania,active,,,
EMP-0285,Yaroslav,Kovalchuk,yaroslav.kovalchuk@enovatech.com,Engineering,Backend,QA Engineer,ic2,full_time,2023-09-17,2023-10-07,EMP-0194,Kyiv,Ukraine,43000,EUR,annual,m,Ukraine,terminated,2023-12-09,involuntary_performance,
EMP-0286,Gintaras,Rimkus,gintaras.rimkus@enovatech.com,Operations,Partner Ops,Trust and Safety Analyst,ic1,full_time,2023-12-02,2023-12-30,EMP-0112,Vilnius,Lithuania,23000,EUR,annual,m,Lithuania,active,,,
EMP-0287,Andriy,Kovalchuk,andriy.kovalchuk@enovatech.com,Legal,Legal,Senior Compliance Manager,ic3,full_time,2023-02-12,2023-03-03,EMP-0242,Kyiv,Ukraine,50000,EUR,annual,m,Ukraine,active,,,
EMP-0288,Egle,Daunoras,egle.daunoras@enovatech.com,Product,Platform,Product Lead,manager,full_time,2023-08-07,2023-08-18,EMP-0058,Vilnius,Lithuania,82000,EUR,annual,f,Lithuania,active,,,
EMP-0289,William,Jones,william.jones@enovatech.com,Operations,Trust and Safety,Partner Operations Manager,ic2,full_time,2023-06-20,2023-06-30,EMP-0080,London,United Kingdom,62500,GBP,annual,prefer_not_to_say,United Kingdom,active,,,
EMP-0290,Arnas,Stankus,arnas.stankus@enovatech.com,Analytics,BI,Data Analyst,ic2,full_time,2023-04-08,2023-04-15,EMP-0102,Vilnius,Lithuania,37500,EUR,annual,m,Lithuania,active,,,
EMP-0291,Tadas,Gudas,tadas.gudas@enovatech.com,Engineering,DevOps,Frontend Engineer,ic2,full_time,2023-08-26,2023-09-05,EMP-0236,Vilnius,Lithuania,38000,EUR,annual,m,Lithuania,active,,,
EMP-0292,Mateusz,Kowalski,mateusz.kowalski@enovatech.com,Growth,Performance Marketing,Senior Marketing Manager,senior_manager,full_time,2023-05-01,2023-05-23,EMP-0176,Warsaw,Poland,94000,EUR,annual,m,Poland,active,,,
EMP-0293,Laura,Klein,laura.klein@enovatech.com,Operations,Customer Support,Senior Operations Specialist,ic3,full_time,2023-10-08,2023-11-03,EMP-0061,Berlin,Germany,109500,EUR,annual,f,Germany,active,,,
EMP-0294,Rokas,Gudas,rokas.gudas@enovatech.com,Engineering,QA,Engineering Manager,manager,contractor,2023-09-25,2023-10-07,EMP-0162,Vilnius,Lithuania,82500,EUR,annual,m,Lithuania,active,,,
EMP-0295,Bartosz,Dabrowska,bartosz.dabrowska@enovatech.com,Operations,Partner Ops,Operations Specialist,ic2,full_time,2023-06-21,2023-07-18,EMP-0100,Warsaw,Poland,3400,EUR,annual,m,Poland,active,,,
EMP-0296,Artem,Melnyk,artem.melnyk@enovatech.com,Product,Platform,Principal Product Manager,ic3,full_time,2023-07-25,2023-08-11,EMP-0116,Kyiv,Ukraine,53000,EUR,annual,m,Ukraine,terminated,2023-12-31,voluntary_resignation,
EMP-0297,Inga,Levinskas,inga.levinskas@enovatech.com,Finance,FP&A,FP&A Manager,manager,full_time,2023-06-03,2023-06-11,EMP-0060,Vilnius,Lithuania,82000,EUR,annual,f,Lithuania,active,,,
EMP-0298,Oleh,Shevchuk,oleh.shevchuk@enovatech.com,Analytics,Analytics,Data Scientist,ic3,full_time,2023-02-04,2023-03-06,EMP-0197,Kyiv,Ukraine,4000,EUR,annual,m,Ukraine,active,,,
EMP-0299,Ruta,Petrauskas,ruta.petrauskas@enovatech.com,HR,Compensation,Talent Acquisition Specialist,ic2,full_time,2023-03-09,2023-03-21,EMP-0174,Vilnius,Lithuania,43000,EUR,annual,f,Lithuania,active,,,
EMP-0300,Arnas,Jankauskas,arnas.jankauskas@enovatech.com,Finance,FP&A,Finance Director,director,contractor,2023-12-31,2024-01-24,EMP-0107,Vilnius,Lithuania,137000,EUR,annual,m,Lithuania,terminated,2024-04-05,,
EMP-0301,Domantas,Paulauskas,domantas.paulauskas@enovatech.com,Growth,Performance Marketing,Performance Marketing Manager,ic2,full_time,2023-12-22,2024-01-13,EMP-0057,Vilnius,Lithuania,48000,EUR,annual,m,Lithuania,active,,,
EMP-0302,Egle,Jankauskas,egle.jankauskas@enovatech.com,Engineering,DevOps,QA Engineer,ic2,full_time,2023-03-18,2023-04-16,EMP-0242,Vilnius,Lithuania,3500,EUR,annual,prefer_not_to_say,Lithuania,terminated,2024-05-08,voluntary_resignation,
EMP-0303,Lina,Urbonas,lina.urbonas@enovatech.com,Operations,Trust and Safety,Senior Operations Specialist,ic3,full_time,2023-10-09,2023-10-26,EMP-0120,Vilnius,Lithuania,75500,EUR,annual,f,Lithuania,active,,,
EMP-0304,Simona,Noreika,simona.noreika@enovatech.com,Growth,SEO,SEO Specialist,ic2,full_time,2023-12-06,2024-01-03,EMP-0085,Vilnius,Lithuania,49500,EUR,annual,f,Lithuania,active,,,
EMP-0305,Katarzyna,Mazur,katarzyna.mazur@enovatech.com,Engineering,Security,Platform Engineer,ic2,full_time,2023-03-24,2023-04-02,EMP-0160,Warsaw,Poland,47500,EUR,annual,f,Poland,terminated,2024-05-20,,
EMP-0306,Erikas,Urbonas,erikas.urbonas@enovatech.com,Engineering,QA,Junior QA Engineer,ic1,full_time,2023-05-14,2023-05-25,EMP-0078,Vilnius,Lithuania,30500,EUR,annual,m,Lithuania,terminated,2024-02-09,involuntary_performance,
EMP-0307,Joanna,Mazur,joanna.mazur@enovatech.com,Analytics,Data Science,Senior Analytics Manager,senior_manager,full_time,2023-04-15,2023-04-22,EMP-0103,Warsaw,Poland,101000,EUR,annual,f,Poland,active,,,
EMP-0308,Mindaugas,Ambrazas,mindaugas.ambrazas@enovatech.com,HR,HR,Senior TA Specialist,ic3,full_time,2023-11-17,2023-12-04,EMP-0013,Vilnius,Lithuania,65000,EUR,annual,m,Lithuania,active,,,
EMP-0309,Lucy,Brown,lucy.brown@enovatech.com,Finance,Accounting,FP&A Analyst,ic2,full_time,2023-01-02,2023-01-21,EMP-0197,London,United Kingdom,69000,GBP,annual,f,United Kingdom,active,,,
EMP-0310,Philipp,Koch,philipp.koch@enovatech.com,Engineering,Mobile,DevOps Engineer,ic2,contractor,2023-07-19,2023-08-02,EMP-0101,Berlin,Germany,64000,EUR,annual,m,Germany,active,,,
EMP-0311,Bartosz,Jankowski,bartosz.jankowski@enovatech.com,Operations,Partner Ops,Senior Operations Specialist,ic3,full_time,2023-01-04,2023-01-29,EMP-0031,Warsaw,Poland,80000,EUR,annual,m,Poland,terminated,2024-09-10,,
EMP-0312,Rytis,Petrauskas,rytis.petrauskas@enovatech.com,Legal,Legal,Senior Legal Manager,senior_manager,full_time,2023-07-05,2023-07-12,EMP-0280,Vilnius,Lithuania,92500,EUR,annual,m,Lithuania,active,,,
EMP-0313,Adam,Lewandowski,adam.lewandowski@enovatech.com,Engineering,Mobile,DevOps Engineer,ic2,full_time,2023-08-22,2023-09-04,EMP-0082,Warsaw,Poland,55000,EUR,annual,m,Poland,active,,,
EMP-0314,Inga,Mockus,inga.mockus@enovatech.com,Operations,Customer Support,Customer Support Lead,ic3,full_time,2023-08-11,2023-09-07,EMP-0081,Vilnius,Lithuania,63000,EUR,annual,f,Lithuania,active,,,
EMP-0315,Agne,Petrauskas,agne.petrauskas@enovatech.com,Growth,CRM,Senior Growth Manager,ic3,full_time,2023-02-15,2023-03-01,EMP-0103,Vilnius,Lithuania,5900,EUR,annual,f,Lithuania,terminated,2024-04-27,end_of_contract,
EMP-0316,Lukas,Kazlauskas,lukas.kazlauskas@enovatech.com,Growth,Growth,Marketing Coordinator,ic1,full_time,2023-05-18,2023-05-27,EMP-0234,Vilnius,Lithuania,24000,EUR,annual,m,Lithuania,active,,,
EMP-0317,Bohdan,Lytovchenko,bohdan.lytovchenko@enovatech.com,Operations,Trust and Safety,Customer Support Manager,manager,full_time,2023-11-06,2023-11-28,EMP-0279,Kyiv,Ukraine,59000,EUR,annual,m,Ukraine,active,,,
EMP-0318,Claudia,Fischer,claudia.fischer@enovatech.com,Engineering,Frontend,Platform Engineer,ic2,contractor,2023-12-12,2023-12-31,EMP-0118,Berlin,Germany,82000,EUR,annual,f,Germany,active,,,
EMP-0319,Oleh,Kovalchuk,oleh.kovalchuk@enovatech.com,Engineering,Security,Platform Engineer,ic2,contractor,2023-07-03,2023-07-16,EMP-0079,Kyiv,Ukraine,36000,EUR,annual,m,Ukraine,active,,,
EMP-0320,Marta,Wozniak,marta.wozniak@enovatech.com,Operations,Customer Support,Senior Customer Support Specialist,ic2,full_time,2023-03-24,2023-04-12,EMP-0162,Warsaw,Poland,48500,EUR,annual,f,Poland,active,,,
EMP-0321,Greta,Gudas,greta.gudas@enovatech.com,Growth,CRM,SEO Specialist,ic2,full_time,2023-10-31,2023-11-28,EMP-0234,Vilnius,Lithuania,51500,EUR,annual,f,Lithuania,active,,,
EMP-0322,Marta,Zielinski,marta.zielinski@enovatech.com,Engineering,QA,Junior Frontend Engineer,ic1,full_time,2023-08-16,2023-08-28,EMP-0233,Warsaw,Poland,35000,EUR,annual,f,Poland,active,,,
EMP-0323,Daryna,Bondarenko,daryna.bondarenko@enovatech.com,Engineering,Backend,Head of Engineering,director,full_time,2023-06-10,2023-07-09,EMP-0294,Kyiv,Ukraine,114000,EUR,annual,f,Ukraine,active,,,
EMP-0324,Harry,Thomas,harry.thomas@enovatech.com,Engineering,Frontend,Senior DevOps Engineer,ic3,full_time,2023-05-23,2023-06-02,EMP-0104,London,United Kingdom,79000,GBP,annual,m,United Kingdom,active,,,
EMP-0325,Aiste,Noreika,aiste.noreika@enovatech.com,Growth,Performance Marketing,Senior Marketing Manager,senior_manager,full_time,2023-04-30,2023-05-14,EMP-0312,Vilnius,Lithuania,107000,EUR,annual,f,Lithuania,active,,,
EMP-0326,Christian,Schmidt,christian.schmidt@enovatech.com,Growth,Brand,Growth Lead,manager,full_time,2023-07-17,2023-08-07,EMP-0096,Berlin,Germany,114000,EUR,annual,m,Germany,active,,,
EMP-0327,Viktor,Lytovchenko,viktor.lytovchenko@enovatech.com,Growth,Brand,Growth Analyst,ic1,full_time,2023-04-14,2023-04-22,EMP-0080,Kyiv,Ukraine,18500,EUR,annual,m,Ukraine,active,,,
EMP-0328,Anna,Klein,anna.klein@enovatech.com,Finance,FP&A,Senior FP&A Analyst,ic3,full_time,2023-08-17,2023-09-16,EMP-0096,Berlin,Germany,103500,EUR,annual,f,Germany,active,,,
EMP-0329,Magdalena,Kowalski,magdalena.kowalski@enovatech.com,Analytics,Data Science,Data Scientist,ic3,full_time,2023-11-17,2023-11-30,EMP-0058,Warsaw,Poland,5700,EUR,annual,f,Poland,terminated,2024-10-05,,
EMP-0330,Simona,Kazlauskas,simona.kazlauskas@enovatech.com,Finance,Accounting,Finance Manager,manager,full_time,2023-04-11,2023-05-06,EMP-0265,Vilnius,Lithuania,76000,EUR,annual,f,Lithuania,active,,,
EMP-0331,Jonas,Noreika,jonas.noreika@enovatech.com,Growth,Brand,Brand Manager,ic2,full_time,2023-09-10,2023-09-19,EMP-0002,Vilnius,Lithuania,45000,EUR,annual,m,Lithuania,active,,,
EMP-0332,Anna,Wozniak,anna.wozniak@enovatech.com,HR,Talent Acquisition,L&D Specialist,ic2,full_time,2023-08-19,2023-08-30,EMP-0288,Warsaw,Poland,42500,EUR,annual,f,Poland,terminated,2024-07-02,voluntary_resignation,
EMP-0333,Tadas,Stankus,tadas.stankus@enovatech.com,Finance,FP&A,Finance Director,director,full_time,2023-07-04,2023-08-03,EMP-0004,Vilnius,Lithuania,137000,EUR,annual,m,Lithuania,active,,,
EMP-0334,Katarzyna,Zielinski,katarzyna.zielinski@enovatech.com,Analytics,Data Engineering,Data Analyst,ic2,full_time,2023-02-22,2023-03-01,EMP-0014,Warsaw,Poland,54000,EUR,annual,f,Poland,active,,,
EMP-0335,Tobias,Schneider,tobias.schneider@enovatech.com,Engineering,QA,Mobile Engineer,ic2,full_time,2023-10-03,2023-10-25,EMP-0015,Berlin,Germany,78000,EUR,annual,m,Germany,active,,,
EMP-0336,Greta,Grigas,greta.grigas@enovatech.com,Engineering,QA,Senior Frontend Engineer,ic3,full_time,2023-02-01,2023-02-09,EMP-0059,Vilnius,Lithuania,72500,EUR,annual,f,Lithuania,active,,,
EMP-0337,Mindaugas,Stonkus,mindaugas.stonkus@enovatech.com,Operations,Trust and Safety,Operations Analyst,ic1,full_time,2023-11-29,2023-12-29,EMP-0171,Vilnius,Lithuania,28000,EUR,annual,m,Lithuania,active,,,
EMP-0338,Tadas,Ambrazas,tadas.ambrazas@enovatech.com,Growth,SEO,Growth Lead,manager,full_time,2023-09-30,2023-10-10,EMP-0030,Vilnius,Lithuania,89000,EUR,annual,m,Lithuania,active,,,
EMP-0339,Tetyana,Lytovchenko,tetyana.lytovchenko@enovatech.com,Growth,SEO,SEO Specialist,ic2,full_time,2023-07-05,2023-07-28,EMP-0049,Kyiv,Ukraine,2500,EUR,annual,f,Ukraine,active,,,
EMP-0340,Saulius,Noreika,saulius.noreika@enovatech.com,Product,Core Product,Head of Product,director,full_time,2023-07-06,2023-07-17,EMP-0162,Vilnius,Lithuania,123000,EUR,annual,m,Lithuania,terminated,2024-07-14,end_of_contract,
EMP-0341,Mia,Roberts,mia.roberts@enovatech.com,Product,UX Research,Product Designer,ic2,full_time,2023-01-06,2023-01-15,EMP-0079,London,United Kingdom,67500,GBP,annual,f,United Kingdom,active,,,
EMP-0342,Mykola,Melnyk,mykola.melnyk@enovatech.com,HR,Compensation,HR Manager,manager,full_time,2023-10-11,2023-11-04,EMP-0005,Kyiv,Ukraine,61500,EUR,annual,m,Ukraine,terminated,2024-08-20,,
EMP-0343,Filip,Dabrowska,filip.dabrowska@enovatech.com,Finance,FP&A,Senior Financial Analyst,ic3,full_time,2023-11-19,2023-12-10,EMP-0176,Warsaw,Poland,6700,EUR,annual,m,Poland,active,,,
EMP-0344,Katharina,Schmidt,katharina.schmidt@enovatech.com,Finance,FP&A,Finance Analyst,ic1,contractor,2023-11-25,2023-12-17,EMP-0167,Berlin,Germany,46500,EUR,annual,f,Germany,active,,,
EMP-0345,Lisa,Bauer,lisa.bauer@enovatech.com,HR,Talent Acquisition,L&D Specialist,ic2,full_time,2023-01-19,2023-01-28,EMP-0056,Berlin,Germany,74500,EUR,annual,f,Germany,active,,,
