change_id,employee_id,change_date,old_salary,new_salary,change_reason
CHG-0001,EMP-0197,2024-08-04,144000,150500,merit_increase
CHG-0002,EMP-0178,2024-06-19,49000,53000,role_change
CHG-0003,EMP-0208,2025-02-19,74000,77500,merit_increase
CHG-0004,EMP-0220,2024-08-29,64500,71500,merit_increase
CHG-0005,EMP-0221,2025-06-27,77500,89000,market_adjustment
CHG-0006,EMP-0296,2024-05-12,53000,59000,merit_increase
CHG-0007,EMP-0323,2024-04-12,114000,124500,merit_increase
CHG-0008,EMP-0078,2025-02-22,90000,106000,market_adjustment
CHG-0009,EMP-0270,2024-09-13,42500,45500,market_adjustment
CHG-0010,EMP-0203,2025-04-11,68000,75000,merit_increase
CHG-0011,EMP-0206,2024-08-19,45500,50500,merit_increase
CHG-0012,EMP-0097,2025-02-16,52000,62000,promotion
CHG-0013,EMP-0275,2024-10-23,96500,105000,role_change
CHG-0014,EMP-0341,2024-11-15,67500,70500,merit_increase
CHG-0015,EMP-0289,2024-07-16,62500,73000,market_adjustment
CHG-0016,EMP-0179,2024-04-30,76500,84500,merit_increase
CHG-0017,EMP-0317,2024-12-03,59000,65500,merit_increase
CHG-0018,EMP-0292,2024-02-16,94000,116500,promotion
CHG-0019,EMP-0234,2024-03-09,111500,131000,role_change
CHG-0020,EMP-0170,2024-05-19,67500,82000,promotion
CHG-0021,EMP-0014,2025-02-06,89000,98000,merit_increase
CHG-0022,EMP-0016,2025-03-02,69500,84500,promotion
CHG-0023,EMP-0284,2024-06-23,72000,76500,market_adjustment
CHG-0024,EMP-0325,2024-10-30,107000,119000,merit_increase
CHG-0025,EMP-0236,2024-04-23,74500,86500,promotion
CHG-0026,EMP-0263,2024-04-25,35000,44000,promotion
CHG-0027,EMP-0330,2024-02-02,76000,84000,role_change
CHG-0028,EMP-0180,2023-09-27,27500,29500,merit_increase
CHG-0029,EMP-0207,2024-06-01,115000,137500,role_change
CHG-0030,EMP-0099,2025-06-24,38000,42500,role_change
CHG-0031,EMP-0079,2025-02-19,95000,106000,market_adjustment
CHG-0032,EMP-0186,2024-09-18,46500,50000,merit_increase
CHG-0033,EMP-0182,2025-06-11,47500,55000,promotion
CHG-0034,EMP-0233,2024-10-23,72500,78000,merit_increase
CHG-0035,EMP-0312,2025-01-30,92500,99500,merit_increase
CHG-0036,EMP-0015,2025-02-25,88000,94000,merit_increase
CHG-0037,EMP-0198,2024-06-08,35500,46000,promotion
CHG-0038,EMP-0334,2024-02-17,54000,58500,role_change
CHG-0039,EMP-0313,2025-06-26,55000,58000,merit_increase
CHG-0040,EMP-0262,2024-10-07,42500,46500,role_change
CHG-0041,EMP-0337,2025-02-25,28000,30500,role_change
CHG-0042,EMP-0280,2025-06-03,113000,119000,merit_increase
CHG-0043,EMP-0297,2024-01-25,82000,89000,role_change
CHG-0044,EMP-0223,2024-01-15,36500,40000,merit_increase
CHG-0045,EMP-0304,2025-04-23,49500,60000,promotion
CHG-0046,EMP-0326,2024-10-31,114000,125000,market_adjustment
CHG-0047,EMP-0315,2024-11-06,5900,7000,promotion
CHG-0048,EMP-0080,2025-04-16,101500,111000,merit_increase
CHG-0049,EMP-0196,2024-03-02,69000,76000,merit_increase
CHG-0050,EMP-0218,2025-02-14,81500,85000,merit_increase
CHG-0051,EMP-0114,2025-02-16,140000,154000,merit_increase
CHG-0052,EMP-0329,2024-10-18,5700,6500,promotion
CHG-0053,EMP-0246,2025-01-30,99000,104000,merit_increase
CHG-0054,EMP-0243,2025-01-20,83000,91000,role_change
CHG-0055,EMP-0302,2024-09-13,3500,4000,merit_increase
CHG-0056,EMP-0029,2025-01-06,51500,62500,promotion
CHG-0057,EMP-0083,2025-05-24,35000,43000,promotion
CHG-0058,EMP-0293,2025-06-18,109500,128000,promotion
CHG-0059,EMP-0217,2024-11-19,60500,65500,merit_increase
CHG-0060,EMP-0311,2023-08-13,80000,95000,role_change
CHG-0061,EMP-0212,2024-10-08,76000,79500,merit_increase
CHG-0062,EMP-0231,2024-01-14,6100,7500,promotion
CHG-0063,EMP-0241,2025-05-30,62000,66000,merit_increase
CHG-0064,EMP-0185,2024-10-03,60000,70500,role_change
CHG-0065,EMP-0235,2025-06-07,123000,129500,merit_increase
CHG-0066,EMP-0274,2025-01-08,83500,89000,merit_increase
CHG-0067,EMP-0265,2023-11-12,79000,86500,market_adjustment
CHG-0068,EMP-0254,2024-12-21,2000,2500,market_adjustment
CHG-0069,EMP-0194,2024-07-07,73500,79000,market_adjustment
CHG-0070,EMP-0112,2024-10-24,128000,141000,merit_increase
CHG-0071,EMP-0171,2025-05-08,108500,119000,merit_increase
CHG-0072,EMP-0255,2025-02-08,5200,5500,merit_increase
CHG-0073,EMP-0318,2025-02-10,82000,91000,merit_increase
CHG-0074,EMP-0167,2024-10-01,91500,107000,promotion
CHG-0075,EMP-0191,2025-01-26,66500,80500,promotion
CHG-0076,EMP-0288,2025-04-08,82000,90500,market_adjustment
CHG-0077,EMP-0324,2024-03-29,79000,100500,promotion
CHG-0078,EMP-0269,2023-11-17,91000,100500,role_change
CHG-0079,EMP-0345,2023-10-02,74500,89000,role_change
CHG-0080,EMP-0250,2025-05-09,40000,42500,merit_increase
CHG-0081,EMP-0257,2024-10-03,52500,61000,role_change
CHG-0082,EMP-0239,2024-09-21,37500,41000,merit_increase
CHG-0083,EMP-0238,2024-07-06,5900,6000,market_adjustment
CHG-0084,EMP-0210,2025-04-26,34000,42000,promotion
CHG-0085,EMP-0305,2023-10-17,47500,52000,merit_increase
CHG-0086,EMP-0291,2025-05-16,38000,43500,role_change
CHG-0087,EMP-0248,2025-06-10,120500,140500,promotion
CHG-0088,EMP-0213,2025-02-10,64500,76500,promotion
CHG-0089,EMP-0229,2024-07-31,62500,80000,promotion
CHG-0090,EMP-0285,2024-08-25,43000,50500,promotion
CHG-0091,EMP-0237,2024-05-08,73500,89500,promotion
CHG-0092,EMP-0227,2024-04-17,56500,66500,role_change
CHG-0093,EMP-0242,2025-02-05,108000,123500,market_adjustment
CHG-0094,EMP-0098,2025-01-04,40000,42500,merit_increase
CHG-0095,EMP-0336,2024-06-07,72500,86000,role_change
CHG-0096,EMP-0277,2025-02-18,78000,97500,promotion
CHG-0097,EMP-0338,2024-11-16,89000,99000,merit_increase
CHG-0098,EMP-0260,2024-12-02,5900,7500,promotion
CHG-0099,EMP-0282,2024-03-22,3600,4500,promotion
CHG-0100,EMP-0321,2025-01-06,51500,54500,merit_increase
CHG-0101,EMP-0306,2024-07-01,30500,36000,market_adjustment
CHG-0102,EMP-0147,2025-06-27,69000,73500,merit_increase
CHG-0103,EMP-0278,2025-02-14,36000,38500,merit_increase
CHG-0104,EMP-0184,2024-06-18,87500,97000,merit_increase
CHG-0105,EMP-0271,2025-05-06,45000,53500,promotion
CHG-0106,EMP-0187,2024-09-17,53000,56500,market_adjustment
CHG-0107,EMP-0024,2025-05-20,37000,40000,merit_increase
CHG-0108,EMP-0309,2023-11-03,69000,81000,role_change
CHG-0109,EMP-0195,2024-05-23,41500,44500,merit_increase
CHG-0110,EMP-0281,2024-08-10,44000,49000,merit_increase
CHG-0111,EMP-0331,2024-07-20,45000,50000,merit_increase
CHG-0112,EMP-0028,2024-10-14,38500,40000,merit_increase
CHG-0113,EMP-0081,2025-05-05,109000,127500,promotion
CHG-0114,EMP-0025,2025-01-19,40500,47500,promotion
CHG-0115,EMP-0174,2024-07-13,97500,106000,role_change
CHG-0116,EMP-0256,2023-12-05,54500,64500,role_change
CHG-0117,EMP-0222,2025-03-18,90000,104000,promotion
CHG-0118,EMP-0172,2024-04-19,44500,53000,promotion
CHG-0119,EMP-0200,2025-02-18,64500,67500,merit_increase
CHG-0120,EMP-0310,2024-05-10,64000,67500,market_adjustment
